compound,auid,aurl,spacegroup_relax,Pearson_symbol_relax,ael_bulk_modulus_reuss
Ru3Zr1,aflow:d00a3e343afa83f9,aflowlib.duke.edu:AFLOWDATA/ICSD_WEB/CUB/Ru3Zr1_ICSD_185641,221,cP4,200.044
Ir4Th2,aflow:21b1a78a86ff153f,aflowlib.duke.edu:AFLOWDATA/ICSD_WEB/FCC/Ir2Th1_ICSD_104571,227,cF24,200.133
Fe2Ge1Ti1,aflow:cd5e871a1c5af012,aflowlib.duke.edu:AFLOWDATA/ICSD_WEB/FCC/Fe2Ge1Ti1_ICSD_186057,225,cF16,200.25
Re8Y4,aflow:fada3e5e0d50e8a7,aflowlib.duke.edu:AFLOWDATA/ICSD_WEB/HEX/Re2Y1_ICSD_150517,194,hP12,200.267
B24Ru4Y8,aflow:88666ec16c8d9c9a,aflowlib.duke.edu:AFLOWDATA/ICSD_WEB/ORC/B6Ru1Y2_ICSD_603493,55,oP36,200.315
B4Ti4,aflow:97ac1b15cc5c4465,aflowlib.duke.edu:AFLOWDATA/ICSD_WEB/ORC/B1Ti1_ICSD_24701,62,oP8,200.412
Pt5Pu1,aflow:dd6378dc5a8f1212,aflowlib.duke.edu:AFLOWDATA/ICSD_WEB/FCC/Pt5Pu1_ICSD_649510,216,cF24,200.489
Nb6Pt2,aflow:4c085ea810fe5d61,aflowlib.duke.edu:AFLOWDATA/ICSD_WEB/CUB/Nb3Pt1_ICSD_105203,223,cP8,200.567
Al2N2,aflow:beb8eb07a8a60d28,aflowlib.duke.edu:AFLOWDATA/ICSD_WEB/ORCC/Al1N1_ICSD_163951,194,hP4,200.631
Dy2Ir4,aflow:7cb8e9e9facd592b,aflowlib.duke.edu:AFLOWDATA/ICSD_WEB/FCC/Dy1Ir2_ICSD_103211,227,cF24,200.644
C1Ho1Rh3,aflow:0b31604697d14ff4,aflowlib.duke.edu:AFLOWDATA/ICSD_WEB/CUB/C1Ho1Rh3_ICSD_77033,221,cP5,200.678
Ni4O8Si2,aflow:dbc0bba55855baa5,aflowlib.duke.edu:AFLOWDATA/ICSD_WEB/FCC/Ni2O4Si1_ICSD_100544,227,cF56,200.894
Ru8Si12,aflow:232fd098de2a1645,aflowlib.duke.edu:AFLOWDATA/ICSD_WEB/TET/Ru2Si3_ICSD_95587,116,tP20,200.907
Cr4O8,aflow:82055297db35879d,aflowlib.duke.edu:AFLOWDATA/ICSD_WEB/CUB/Cr1O2_ICSD_185888,205,cP12,200.917
Hf3Ru3Si3,aflow:c555fd348225f9a5,aflowlib.duke.edu:AFLOWDATA/ICSD_WEB/HEX/Hf1Ru1Si1_ICSD_638841,189,hP9,200.924
Dy4Re8,aflow:b17e838001898738,aflowlib.duke.edu:AFLOWDATA/ICSD_WEB/HEX/Dy1Re2_ICSD_630140,194,hP12,200.932
Re8Tb4,aflow:3e41a1f628d95c09,aflowlib.duke.edu:AFLOWDATA/ICSD_WEB/HEX/Re2Tb1_ICSD_650154,194,hP12,200.971
Re8Tb4,aflow:9eea25eafebd9a4a,aflowlib.duke.edu:AFLOWDATA/ICSD_WEB/HEX/Re2Tb1_ICSD_650152,194,hP12,200.971
Mo1Si2,aflow:884e7137b28e7dbf,aflowlib.duke.edu:AFLOWDATA/ICSD_WEB/BCT/Mo1Si2_ICSD_105092,139,tI6,201.011
Al8C4Ta12,aflow:3fea678ccdd69279,aflowlib.duke.edu:AFLOWDATA/ICSD_WEB/CUB/Al0.4C0.2Ta0.6_ICSD_606257,213,cP24,201.144
Al2N2,aflow:ea80a45670822376,aflowlib.duke.edu:AFLOWDATA/ICSD_WEB/HEX/Al1N1_ICSD_163950,194,hP4,201.161
Cr4O12W2,aflow:55c34e21ba3cef80,aflowlib.duke.edu:AFLOWDATA/ICSD_WEB/TET/Cr2O6W1_ICSD_20314,136,tP18,201.29
Co2Mo2P4,aflow:31e6dce72364afc2,aflowlib.duke.edu:AFLOWDATA/ICSD_WEB/HEX/Co1Mo1P2_ICSD_624219,194,hP8,201.46
O8Si2Zr2,aflow:16bf6a36c052299d,aflowlib.duke.edu:AFLOWDATA/ICSD_WEB/BCT/O4Si1Zr1_ICSD_100239,141,tI24,201.556
Al1Ru1,aflow:0748412c3a3db28b,aflowlib.duke.edu:AFLOWDATA/ICSD_WEB/CUB/Al1Ru1_ICSD_106247,221,cP2,201.778
In1Pt5Si1,aflow:8bc3f85e7c49bcd2,aflowlib.duke.edu:AFLOWDATA/ICSD_WEB/TET/In1Pt5Si1_ICSD_640309,123,tP7,201.922
Ho4Re8,aflow:5f69850e999c6954,aflowlib.duke.edu:AFLOWDATA/ICSD_WEB/HEX/Ho1Re2_ICSD_639615,194,hP12,201.937
Os2P4,aflow:4aeb1c4c461b8d39,aflowlib.duke.edu:AFLOWDATA/ICSD_WEB/ORC/Os1P2_ICSD_42609,58,oP6,202.022
P4V8,aflow:79e662353889e0c2,aflowlib.duke.edu:AFLOWDATA/ICSD_WEB/ORC/P1V2_ICSD_648271,62,oP12,202.131
Hf3Mo3P3,aflow:753543379bcaabe7,aflowlib.duke.edu:AFLOWDATA/ICSD_WEB/HEX/Hf1Mo1P1_ICSD_88151,189,hP9,202.268
Pd2Ta2,aflow:95dfffbce61b0b9c,aflowlib.duke.edu:AFLOWDATA/ICSD_WEB/TET/Pd1Ta1_ICSD_648973,129,tP4,202.329
O1Ta4,aflow:e3da235a562628d0,aflowlib.duke.edu:AFLOWDATA/ICSD_WEB/ORC/O1Ta4_ICSD_76022,123,tP5,202.526
O4Ti2,aflow:587070faf1466d87,aflowlib.duke.edu:AFLOWDATA/ICSD_WEB/TET/O2Ti1_ICSD_109469,136,tP6,202.612
Nb6Rh2,aflow:59adc4bbf51db268,aflowlib.duke.edu:AFLOWDATA/ICSD_WEB/CUB/Nb3Rh1_ICSD_105216,223,cP8,202.622
C1Er1Rh3,aflow:02dec0b796759ab7,aflowlib.duke.edu:AFLOWDATA/ICSD_WEB/CUB/C1Er1Rh3_ICSD_108131,221,cP5,202.65
Ge4Nb4Rh4,aflow:56871722031ba9a8,aflowlib.duke.edu:AFLOWDATA/ICSD_WEB/ORC/Ge1Nb1Rh1_ICSD_637230,62,oP12,202.738
Ga1Ru1,aflow:a8e4a8cd457eb606,aflowlib.duke.edu:AFLOWDATA/ICSD_WEB/CUB/Ga1Ru1_ICSD_103950,221,cP2,202.872
C1Lu1Rh3,aflow:c8bf0fc0acaf2a94,aflowlib.duke.edu:AFLOWDATA/ICSD_WEB/CUB/C1Lu1Rh3_ICSD_77151,221,cP5,202.942
C4Co2Sc2,aflow:10e28bd144775b49,aflowlib.duke.edu:AFLOWDATA/ICSD_WEB/TET/C2Co1Sc1_ICSD_62598,129,tP8,202.969
Ho2Ir4,aflow:bce71f93eb45bad8,aflowlib.duke.edu:AFLOWDATA/ICSD_WEB/FCC/Ho1Ir2_ICSD_104416,227,cF24,203.006
Mo3Si6,aflow:39f356cd89bbb02f,aflowlib.duke.edu:AFLOWDATA/ICSD_WEB/HEX/Mo1Si2_ICSD_182116,180,hP9,203.017
C4Co8Mo16,aflow:f316392e464ad886,aflowlib.duke.edu:AFLOWDATA/ICSD_WEB/FCC/C1Co2Mo4_ICSD_76136,227,cF112,203.15
Ag1Pt5Si1,aflow:c6eee5e705fb3446,aflowlib.duke.edu:AFLOWDATA/ICSD_WEB/TET/Ag1Pt5Si1_ICSD_605693,123,tP7,203.29
O4Ti2,aflow:b1775de1fb55c620,aflowlib.duke.edu:AFLOWDATA/LIB2_RAW/OTi_sv/A2B_tP6_136_f_a-001.AB,136,tP6,203.323
O4Ti2,aflow:b1775de1fb55c620,aflowlib.duke.edu:AFLOWDATA/LIB2_RAW/OTi_sv/A2B_tP6_136_f_a-001.AB,136,tP6,203.323
Dy4Re8,aflow:6be99327c67a9ba6,aflowlib.duke.edu:AFLOWDATA/ICSD_WEB/HEX/Dy1Re2_ICSD_630138,194,hP12,203.578
In1P1Pt5,aflow:0558951a7db02a0b,aflowlib.duke.edu:AFLOWDATA/ICSD_WEB/TET/In1P1Pt5_ICSD_640194,123,tP7,203.653
O8Pa4,aflow:8819319603e6b49d,aflowlib.duke.edu:AFLOWDATA/ICSD_WEB/CUB/O2Pa1_ICSD_647247,205,cP12,203.8
O2Pa1,aflow:613f851a6f86dd5b,aflowlib.duke.edu:AFLOWDATA/ICSD_WEB/FCC/O2Pa1_ICSD_28915,225,cF12,203.928
As2C2Nb4,aflow:e9f879ec8eba0b3c,aflowlib.duke.edu:AFLOWDATA/ICSD_WEB/HEX/As1C1Nb2_ICSD_180617,194,hP8,203.947
Re8Y4,aflow:4dc818520eda573c,aflowlib.duke.edu:AFLOWDATA/ICSD_WEB/HEX/Re2Y1_ICSD_650202,194,hP12,204.382
Dy4Re8,aflow:7a6c97cc86edde16,aflowlib.duke.edu:AFLOWDATA/ICSD_WEB/HEX/Dy1Re2_ICSD_630139,194,hP12,204.397
B2Ho1Ru3,aflow:2e6fc8387da41409,aflowlib.duke.edu:AFLOWDATA/ICSD_WEB/HEX/B2Ho1Ru3_ICSD_44419,191,hP6,204.827
Co2P4W2,aflow:4b29ef8e1c6f33b7,aflowlib.duke.edu:AFLOWDATA/ICSD_WEB/HEX/Co1P2W1_ICSD_624660,194,hP8,204.926
H1Ni1,aflow:412bf0dc20f54c7b,aflowlib.duke.edu:AFLOWDATA/ICSD_WEB/FCC/H1Ni1_ICSD_56077,225,cF8,205.111
C1Nb1,aflow:7455802d830b3c77,aflowlib.duke.edu:AFLOWDATA/ICSD_WEB/FCC/C1Nb1_ICSD_183164,216,cF8,205.122
N8Zr6,aflow:dd82f8ad72eea18b,aflowlib.duke.edu:AFLOWDATA/ICSD_WEB/BCC/N4Zr3_ICSD_97998,220,cI28,205.144
Er2Ir4,aflow:2e67ec776b02c2ba,aflowlib.duke.edu:AFLOWDATA/ICSD_WEB/FCC/Er1Ir2_ICSD_630707,227,cF24,205.167
B24Re4Y8,aflow:3829f8821427a5ef,aflowlib.duke.edu:AFLOWDATA/ICSD_WEB/ORC/B6Re1Y2_ICSD_16187,55,oP36,205.328
Pt2Si1,aflow:3ea0d57ff7b5eec3,aflowlib.duke.edu:AFLOWDATA/ICSD_WEB/BCT/Pt2Si1_ICSD_649616,139,tI6,205.521
B1Ce1Rh3,aflow:51fd607704603e17,aflowlib.duke.edu:AFLOWDATA/ICSD_WEB/CUB/B1Ce1Rh3_ICSD_44154,221,cP5,205.611
Al3Os2,aflow:4862e15e81e47ebb,aflowlib.duke.edu:AFLOWDATA/ICSD_WEB/BCT/Al3Os2_ICSD_58109,139,tI10,205.633
Pb1Pt5Si1,aflow:f929956749d4eea1,aflowlib.duke.edu:AFLOWDATA/ICSD_WEB/TET/Pb1Pt5Si1_ICSD_648402,123,tP7,205.654
Re3Si3Zr3,aflow:bb14b1f838196e49,aflowlib.duke.edu:AFLOWDATA/ICSD_WEB/HEX/Re1Si1Zr1_ICSD_650139,189,hP9,205.738
Ho4Os8,aflow:9bb0e05f1da032f6,aflowlib.duke.edu:AFLOWDATA/ICSD_WEB/HEX/Ho1Os2_ICSD_639530,194,hP12,205.768
Be2O2,aflow:ed51b7b3938f117f,aflowlib.duke.edu:AFLOWDATA/ICSD_WEB/HEX/Be1O1_ICSD_15620,186,hP4,205.993
Co2V6,aflow:bc48c99fdd4a8c42,aflowlib.duke.edu:AFLOWDATA/ICSD_WEB/CUB/Co1V3_ICSD_102716,223,cP8,206.111
Ce4Os8,aflow:1342eade0b9150e9,aflowlib.duke.edu:AFLOWDATA/ICSD_WEB/HEX/Ce1Os2_ICSD_621728,194,hP12,206.592
C8W4Y4,aflow:416cce9b259354f7,aflowlib.duke.edu:AFLOWDATA/ICSD_WEB/ORC/C2W1Y1_ICSD_619103,62,oP16,206.894
P4Ru4Zr4,aflow:57c5847cc0292890,aflowlib.duke.edu:AFLOWDATA/ICSD_WEB/ORC/P1Ru1Zr1_ICSD_648038,62,oP12,206.969
P3Ru3Zr3,aflow:6adbf353975fc978,aflowlib.duke.edu:AFLOWDATA/ICSD_WEB/HEX/P1Ru1Zr1_ICSD_648037,189,hP9,207.033
Na1O3W1,aflow:059e23974aa9d010,aflowlib.duke.edu:AFLOWDATA/ICSD_WEB/CUB/Na1O3W1_ICSD_28343,221,cP5,207.067
Os8Tb4,aflow:babbcefb6d3e18cc,aflowlib.duke.edu:AFLOWDATA/ICSD_WEB/HEX/Os2Tb1_ICSD_647822,194,hP12,207.293
Lu1Pt3,aflow:9a295f92980b2118,aflowlib.duke.edu:AFLOWDATA/ICSD_WEB/CUB/Lu1Pt3_ICSD_104820,221,cP4,207.483
Be2C1,aflow:378e092c24555651,aflowlib.duke.edu:AFLOWDATA/ICSD_WEB/FCC/Be2C1_ICSD_183009,225,cF12,207.489
P2Rh3,aflow:8b865786bfa43010,aflowlib.duke.edu:AFLOWDATA/ICSD_WEB/TET/P2Rh3_ICSD_35626,115,tP5,207.556
Li1Pt7,aflow:ced3dcb9433e147f,aflowlib.duke.edu:AFLOWDATA/ICSD_WEB/FCC/Li1Pt7_ICSD_104779,225,cF32,207.578
Be1O1,aflow:db1f17a6f945c29b,aflowlib.duke.edu:AFLOWDATA/ICSD_WEB/FCC/Be1O1_ICSD_163467,216,cF8,207.65
N1Pd1,aflow:80f57ee927a98907,aflowlib.duke.edu:AFLOWDATA/ICSD_WEB/FCC/N1Pd1_ICSD_183193,225,cF8,207.717
Pd3Ta1,aflow:e3a096724df20a7e,aflowlib.duke.edu:AFLOWDATA/ICSD_WEB/BCT/Pd3Ta1_ICSD_105709,139,tI8,207.721
B8Ho4Os4,aflow:ea8e48a908aa89ff,aflowlib.duke.edu:AFLOWDATA/ICSD_WEB/ORC/B2Ho1Os1_ICSD_614489,62,oP16,207.888
Ni2Ta1,aflow:e0adf8f7e59398df,aflowlib.duke.edu:AFLOWDATA/ICSD_WEB/BCT/Ni2Ta1_ICSD_105388,139,tI6,207.91
B8Dy4Os4,aflow:217f0084d01f230e,aflowlib.duke.edu:AFLOWDATA/ICSD_WEB/ORC/B2Dy1Os1_ICSD_613666,62,oP16,207.981
Pt3Zn1,aflow:b6222a2c31f1c887,aflowlib.duke.edu:AFLOWDATA/ICSD_WEB/CUB/Pt3Zn1_ICSD_105853,221,cP4,207.989
Fe2Ga1V1,aflow:1346268dae1d4e13,aflowlib.duke.edu:AFLOWDATA/ICSD_WEB/FCC/Fe2Ga1V1_ICSD_103473,225,cF16,207.994
B24Os4Y8,aflow:83ea8af9adb8c724,aflowlib.duke.edu:AFLOWDATA/ICSD_WEB/ORC/B6Os1Y2_ICSD_603494,55,oP36,208.095
Co4Nb4P4,aflow:ea0f04663dcf1c6c,aflowlib.duke.edu:AFLOWDATA/ICSD_WEB/ORC/Co1Nb1P1_ICSD_49727,62,oP12,208.103
Be2O2,aflow:37fc98b9f1d34d7c,aflowlib.duke.edu:AFLOWDATA/LIB2_RAW/Be_svO/AB_hP4_186_b_b-001.AB,186,hP4,208.295
Ge3Hf3Os3,aflow:4ece059f675bd372,aflowlib.duke.edu:AFLOWDATA/ICSD_WEB/HEX/Ge1Hf1Os1_ICSD_636578,189,hP9,208.519
P1Pt5Zn1,aflow:9ab0972f231a4427,aflowlib.duke.edu:AFLOWDATA/ICSD_WEB/TET/P1Pt5Zn1_ICSD_647976,123,tP7,208.6
C2Ge6Mo10,aflow:86678e9b842527f4,aflowlib.duke.edu:AFLOWDATA/ICSD_WEB/HEX/C1Ge3Mo5_ICSD_42922,193,hP18,208.601
Be1Rh1,aflow:0d4c2a40fe143a57,aflowlib.duke.edu:AFLOWDATA/ICSD_WEB/CUB/Be1Rh1_ICSD_58734,221,cP2,208.917
Os8Y4,aflow:c85391284698bd42,aflowlib.duke.edu:AFLOWDATA/ICSD_WEB/HEX/Os2Y1_ICSD_647871,194,hP12,209.012
B12Ni1,aflow:9f75cf9217bb5e3b,aflowlib.duke.edu:AFLOWDATA/ICSD_WEB/FCC/B12Ni1_ICSD_614986,225,cF52,209.072
Ga2Pt6,aflow:b3cf124c3e219106,aflowlib.duke.edu:AFLOWDATA/ICSD_WEB/BCT/Ga1Pt3_ICSD_635145,140,tI16,209.077
O6V4,aflow:abeae41c22af6ad7,aflowlib.duke.edu:AFLOWDATA/LIB2_RAW/OV_sv/A2B3_hR10_167_c_e-002.BA,146,hR10,209.23
Ir4U2,aflow:f958850a678420df,aflowlib.duke.edu:AFLOWDATA/ICSD_WEB/FCC/Ir2U1_ICSD_104586,227,cF24,209.944
Ge4Rh4Ta4,aflow:10be12d509ddb46f,aflowlib.duke.edu:AFLOWDATA/ICSD_WEB/ORC/Ge1Rh1Ta1_ICSD_421092,62,oP12,210.001
Mo6Sn2,aflow:fb311837ec527cc2,aflowlib.duke.edu:AFLOWDATA/ICSD_WEB/CUB/Mo3Sn1_ICSD_105094,223,cP8,210.317
Mo1P1,aflow:74c1c2f9814eded1,aflowlib.duke.edu:AFLOWDATA/ICSD_WEB/HEX/Mo1P1_ICSD_186874,187,hP2,210.33
C8Pu4W4,aflow:f68de4d2dee5d075,aflowlib.duke.edu:AFLOWDATA/ICSD_WEB/ORC/C2Pu1W1_ICSD_618691,62,oP16,210.381
Pd2Ta1,aflow:1311b90ba3307354,aflowlib.duke.edu:AFLOWDATA/ICSD_WEB/ORCI/Pd2Ta1_ICSD_105708,71,oI6,210.437
As4Rh8,aflow:bfa3ece0a71a91e2,aflowlib.duke.edu:AFLOWDATA/ICSD_WEB/ORC/As1Rh2_ICSD_603878,62,oP12,210.832
Ru1Ti1,aflow:80cba77e1024009d,aflowlib.duke.edu:AFLOWDATA/ICSD_WEB/CUB/Ru1Ti1_ICSD_106004,221,cP2,210.844
O8Pt6,aflow:05c3474a8625fbd6,aflowlib.duke.edu:AFLOWDATA/ICSD_WEB/CUB/O4Pt3_ICSD_30444,223,cP14,210.867
C1Pd1,aflow:fea5bd3abdf35cf1,aflowlib.duke.edu:AFLOWDATA/ICSD_WEB/FCC/C1Pd1_ICSD_181774,225,cF8,210.867
Al1Fe2V1,aflow:7f1780b1dbf49454,aflowlib.duke.edu:AFLOWDATA/ICSD_WEB/FCC/Al1Fe2V1_ICSD_107814,225,cF16,210.978
Be6N4,aflow:77c1db08e0f04814,aflowlib.duke.edu:AFLOWDATA/ICSD_WEB/HEX/Be3N2_ICSD_25656,194,hP10,211.013
Ge6Mo10,aflow:515f51814759ca2d,aflowlib.duke.edu:AFLOWDATA/ICSD_WEB/BCT/Ge3Mo5_ICSD_637142,140,tI32,211.199
Si2Ta4,aflow:832c3433519dc103,aflowlib.duke.edu:AFLOWDATA/ICSD_WEB/BCT/Si1Ta2_ICSD_42526,140,tI12,211.222
Os4Si4Zr4,aflow:3c863fb6f8c37ac7,aflowlib.duke.edu:AFLOWDATA/ICSD_WEB/ORC/Os1Si1Zr1_ICSD_647807,62,oP12,211.272
Al1Ni2V1,aflow:fe69d06cda3e367a,aflowlib.duke.edu:AFLOWDATA/ICSD_WEB/FCC/Al1Ni2V1_ICSD_58071,225,cF16,211.389
C1Rh3Sc1,aflow:d5b672c7928a8d6a,aflowlib.duke.edu:AFLOWDATA/ICSD_WEB/CUB/C1Rh3Sc1_ICSD_77385,221,cP5,211.456
Ga1Pt3,aflow:f1c0d23f9135e933,aflowlib.duke.edu:AFLOWDATA/ICSD_WEB/CUB/Ga1Pt3_ICSD_103922,221,cP4,211.667
Pt2V6,aflow:27616718e118dbf4,aflowlib.duke.edu:AFLOWDATA/ICSD_WEB/CUB/Pt1V3_ICSD_105837,223,cP8,212.061
Dy4Os8,aflow:6ce493e125bf956a,aflowlib.duke.edu:AFLOWDATA/ICSD_WEB/HEX/Dy1Os2_ICSD_630052,194,hP12,212.178
W4Zr2,aflow:863885947f98efdd,aflowlib.duke.edu:AFLOWDATA/ICSD_WEB/FCC/W2Zr1_ICSD_106217,227,cF24,212.211
Hf1Ru3,aflow:132ec9e3a0bdf7cc,aflowlib.duke.edu:AFLOWDATA/ICSD_WEB/CUB/Hf1Ru3_ICSD_185647,221,cP4,212.278
C1Si1,aflow:2cab0c35952c733f,aflowlib.duke.edu:AFLOWDATA/ICSD_WEB/FCC/C1Si1_ICSD_164973,216,cF8,212.356
Hf4Ir4Si4,aflow:627f53c41a18dd24,aflowlib.duke.edu:AFLOWDATA/ICSD_WEB/ORC/Hf1Ir1Si1_ICSD_638584,62,oP12,212.386
Nb1Ru1,aflow:58f2fa6442546815,aflowlib.duke.edu:AFLOWDATA/ICSD_WEB/CUB/Nb1Ru1_ICSD_105221,221,cP2,212.494
Ga1P1Pt5,aflow:25528b361849601b,aflowlib.duke.edu:AFLOWDATA/ICSD_WEB/TET/Ga1P1Pt5_ICSD_635044,123,tP7,212.521
Mn2Sn1W1,aflow:dc4a8cdea27c1b5c,aflowlib.duke.edu:AFLOWDATA/ICSD_WEB/FCC/Mn2Sn1W1_ICSD_104980,225,cF16,212.522
Al2C6V8,aflow:fc6f33327f7d235d,aflowlib.duke.edu:AFLOWDATA/ICSD_WEB/HEX/Al1C3V4_ICSD_163549,194,hP16,212.584
C8Si8,aflow:6db975da951495ba,aflowlib.duke.edu:AFLOWDATA/ICSD_WEB/HEX/C1Si1_ICSD_24630,186,hP16,212.66
Ge6N8,aflow:4671a38f1790901e,aflowlib.duke.edu:AFLOWDATA/ICSD_WEB/FCC/Ge3N4_ICSD_156338,227,cF56,212.694
C6Si6,aflow:059e25f57cc58053,aflowlib.duke.edu:AFLOWDATA/ICSD_WEB/HEX/C1Si1_ICSD_15325,186,hP12,212.715
C21Si21,aflow:1cf77fe9d7170820,aflowlib.duke.edu:AFLOWDATA/ICSD_WEB/HEX/C1Si1_ICSD_43827,156,hP42,212.734
Os1Zr1,aflow:a36bd88304037b89,aflowlib.duke.edu:AFLOWDATA/ICSD_WEB/CUB/Os1Zr1_ICSD_105580,221,cP2,212.794
C14Si14,aflow:1f21e330dfcd0965,aflowlib.duke.edu:AFLOWDATA/ICSD_WEB/HEX/C1Si1_ICSD_28303,156,hP28,212.843
C19Si19,aflow:dcff963bbddaf43f,aflowlib.duke.edu:AFLOWDATA/ICSD_WEB/HEX/C1Si1_ICSD_27635,156,hP38,212.872
C10Si10,aflow:500ca05581547ef1,aflowlib.duke.edu:AFLOWDATA/ICSD_WEB/HEX/C1Si1_ICSD_38150,156,hP20,212.969
Nb4P4V4,aflow:9fc310962985d217,aflowlib.duke.edu:AFLOWDATA/ICSD_WEB/ORC/Nb1P1V1_ICSD_645178,62,oP12,212.983
Fe2V6,aflow:aa251335690bc0b5,aflowlib.duke.edu:AFLOWDATA/ICSD_WEB/CUB/Fe1V3_ICSD_634028,223,cP8,213.006
C2Si2,aflow:19570f9ac6a9e4de,aflowlib.duke.edu:AFLOWDATA/ICSD_WEB/HEX/C1Si1_ICSD_164970,186,hP4,213.043
N2P2V6,aflow:3c22a9e15877a37f,aflowlib.duke.edu:AFLOWDATA/ICSD_WEB/ORCC/N1P1V3_ICSD_644620,63,oS20,213.133
C4Si4,aflow:19345a101fc7f670,aflowlib.duke.edu:AFLOWDATA/ICSD_WEB/HEX/C1Si1_ICSD_164971,186,hP8,213.137
Ru4Si4,aflow:7f54980b082ef490,aflowlib.duke.edu:AFLOWDATA/ICSD_WEB/CUB/Ru1Si1_ICSD_650618,198,cP8,213.195
Os4Th2,aflow:64bb74c859cb6716,aflowlib.duke.edu:AFLOWDATA/ICSD_WEB/FCC/Os2Th1_ICSD_105570,227,cF24,213.228
C16Si16,aflow:bbef4567d359bebd,aflowlib.duke.edu:AFLOWDATA/ICSD_WEB/HEX/C1Si1_ICSD_42858,186,hP32,213.383
Co4Si4V4,aflow:df85384f61a789ba,aflowlib.duke.edu:AFLOWDATA/ICSD_WEB/ORC/Co1Si1V1_ICSD_409847,62,oP12,213.436
C18Si18,aflow:c9df5d1184d1640f,aflowlib.duke.edu:AFLOWDATA/ICSD_WEB/HEX/C1Si1_ICSD_42859,156,hP36,213.463
Rh2V6,aflow:622e7ac118e3c7e2,aflowlib.duke.edu:AFLOWDATA/ICSD_WEB/CUB/Rh1V3_ICSD_105965,223,cP8,213.611
O8Ti4,aflow:317af56146e51eaf,aflowlib.duke.edu:AFLOWDATA/ICSD_WEB/ORC/O2Ti1_ICSD_15328,60,oP12,213.647
Si2W1,aflow:2d039e1be6afed3b,aflowlib.duke.edu:AFLOWDATA/ICSD_WEB/BCT/Si2W1_ICSD_26869,139,tI6,213.699
Tc8Zr4,aflow:6547651e77951662,aflowlib.duke.edu:AFLOWDATA/ICSD_WEB/HEX/Tc2Zr1_ICSD_423221,194,hP12,213.725
Nb2Pt2,aflow:02606407b3d5e7ab,aflowlib.duke.edu:AFLOWDATA/ICSD_WEB/ORC/Nb1Pt1_ICSD_645211,51,oP4,213.869
Rh3Zr1,aflow:b6449ed4840e19f6,aflowlib.duke.edu:AFLOWDATA/ICSD_WEB/CUB/Rh3Zr1_ICSD_105984,221,cP4,214.083
Ni2P2Ta8,aflow:d59c6ae99050de55,aflowlib.duke.edu:AFLOWDATA/ICSD_WEB/TET/Ni1P1Ta4_ICSD_646156,124,tP12,214.116
Ca4O12Si4,aflow:3fe9b288117abbf6,aflowlib.duke.edu:AFLOWDATA/ICSD_WEB/BCC/Ca1O3Si1_ICSD_240446,204,cI40,214.132
Ce4Os8,aflow:14ef2ceb1efd3e9e,aflowlib.duke.edu:AFLOWDATA/ICSD_WEB/HEX/Ce1Os2_ICSD_621725,194,hP12,214.176
Be24N16,aflow:8204362754020838,aflowlib.duke.edu:AFLOWDATA/ICSD_WEB/BCC/Be3N2_ICSD_412667,206,cI80,214.235
Ca4O12Si4,aflow:aba814a45970107d,aflowlib.duke.edu:AFLOWDATA/ICSD_WEB/ORC/Ca1O3Si1_ICSD_240466,62,oP20,214.345
Pt8V1,aflow:1ace57109680199f,aflowlib.duke.edu:AFLOWDATA/ICSD_WEB/BCT/Pt8V1_ICSD_180978,139,tI18,214.682
Mg1P1Pt5,aflow:633c61cbece8044f,aflowlib.duke.edu:AFLOWDATA/ICSD_WEB/TET/Mg1P1Pt5_ICSD_44928,123,tP7,214.696
N4Ta2,aflow:ed055aed0cbbe98a,aflowlib.duke.edu:AFLOWDATA/ICSD_WEB/HEX/N4Ta2_ICSD_182351,191,hP6,214.716
Hf2O8Si2,aflow:88c9119ec9572f57,aflowlib.duke.edu:AFLOWDATA/ICSD_WEB/BCT/Hf1O4Si1_ICSD_187732,141,tI24,214.761
Ca2O6Si2,aflow:cc315d932b359d19,aflowlib.duke.edu:AFLOWDATA/ICSD_WEB/TET/Ca1O3Si1_ICSD_240430,127,tP10,214.781
B1Rh3Zr1,aflow:18d412c6947b5394,aflowlib.duke.edu:AFLOWDATA/ICSD_WEB/CUB/B1Rh3Zr1_ICSD_615353,221,cP5,214.928
Ca1O3Si1,aflow:cc56846288079507,aflowlib.duke.edu:AFLOWDATA/ICSD_WEB/CUB/Ca1O3Si1_ICSD_240406,221,cP5,215.028
H1Rh1,aflow:160dff9783f1d0c6,aflowlib.duke.edu:AFLOWDATA/ICSD_WEB/FCC/H1Rh1_ICSD_56168,225,cF8,215.047
O6Ti4,aflow:134fbf81d7c6f9be,aflowlib.duke.edu:AFLOWDATA/LIB2_RAW/OTi_sv/A2B3_hR10_167_c_e-001.BA,167,hR10,215.245
O6Ti4,aflow:134fbf81d7c6f9be,aflowlib.duke.edu:AFLOWDATA/LIB2_RAW/OTi_sv/A2B3_hR10_167_c_e-001.BA,167,hR10,215.245
Co2P2Ta8,aflow:82ec400bb107b013,aflowlib.duke.edu:AFLOWDATA/ICSD_WEB/TET/Co1P1Ta4_ICSD_624637,124,tP12,215.646
Ir5La1,aflow:380f60d7d8ee8905,aflowlib.duke.edu:AFLOWDATA/ICSD_WEB/HEX/Ir5La1_ICSD_104485,191,hP6,215.65
Er4Os8,aflow:c4894ff6abb39331,aflowlib.duke.edu:AFLOWDATA/ICSD_WEB/HEX/Er1Os2_ICSD_630902,194,hP12,215.673
B4Ti3,aflow:9bf188e5fb78ea9c,aflowlib.duke.edu:AFLOWDATA/ICSD_WEB/ORCI/B4Ti3_ICSD_615598,71,oI14,215.714
P3Ru3Ti3,aflow:f0a50b35c4b5a77b,aflowlib.duke.edu:AFLOWDATA/ICSD_WEB/HEX/P1Ru1Ti1_ICSD_77792,189,hP9,215.726
Mo2O12Rh4,aflow:ab19cb2176f3e811,aflowlib.duke.edu:AFLOWDATA/ICSD_WEB/TET/Mo1O6Rh2_ICSD_200014,136,tP18,215.805
C1Pt1,aflow:554b4fcd1fea6a34,aflowlib.duke.edu:AFLOWDATA/ICSD_WEB/FCC/C1Pt1_ICSD_181113,216,cF8,215.833
O8Zr4,aflow:70a7a83f10a766bc,aflowlib.duke.edu:AFLOWDATA/ICSD_WEB/ORC/O2Zr1_ICSD_173963,62,oP12,215.848
Re3Si3Ti3,aflow:1cdb1d4965d0158c,aflowlib.duke.edu:AFLOWDATA/ICSD_WEB/HEX/Re1Si1Ti1_ICSD_650125,189,hP9,215.946
Be8W4,aflow:bdd9a6f275041001,aflowlib.duke.edu:AFLOWDATA/ICSD_WEB/HEX/Be2W1_ICSD_58754,194,hP12,216.052
Dy1Ir3,aflow:f624b312794a05cd,aflowlib.duke.edu:AFLOWDATA/ICSD_WEB/CUB/Dy1Ir3_ICSD_103212,221,cP4,216.133
Ir1Ti1,aflow:2de2986ed2aaa8f8,aflowlib.duke.edu:AFLOWDATA/ICSD_WEB/TET/Ir1Ti1_ICSD_104575,123,tP2,216.143
Si6W3,aflow:34071ae9df93c9a4,aflowlib.duke.edu:AFLOWDATA/ICSD_WEB/HEX/Si2W1_ICSD_652549,180,hP9,216.474
B6Ni21Zr2,aflow:3956291701684a5e,aflowlib.duke.edu:AFLOWDATA/ICSD_WEB/FCC/B6Ni21Zr2_ICSD_409960,225,cF116,216.511
Al4O10Si2,aflow:38146938a7b4dba5,aflowlib.duke.edu:AFLOWDATA/ICSD_WEB/ORCC/Al2O5Si1_ICSD_85746,63,oS32,216.629
Ni3Si1,aflow:b31ddd42732eacdd,aflowlib.duke.edu:AFLOWDATA/ICSD_WEB/CUB/Ni3Si1_ICSD_105343,221,cP4,216.661
Ir4Sc2,aflow:27b333348929ec9d,aflowlib.duke.edu:AFLOWDATA/ICSD_WEB/FCC/Ir2Sc1_ICSD_104558,227,cF24,216.667
B2Ru3Tb1,aflow:81b1ef3fc2ca4c55,aflowlib.duke.edu:AFLOWDATA/ICSD_WEB/HEX/B2Ru3Tb1_ICSD_615370,191,hP6,216.753
O8Si2Zr2,aflow:9a7322a9c8589a25,aflowlib.duke.edu:AFLOWDATA/ICSD_WEB/BCT/O4Si1Zr1_ICSD_186167,88,tI24,216.798
Hg1Ni1,aflow:596b0d9e285bb414,aflowlib.duke.edu:AFLOWDATA/ICSD_WEB/TET/Hg1Ni1_ICSD_100029,123,tP2,217.228
Co2Ta4,aflow:c1efc9ef27886df4,aflowlib.duke.edu:AFLOWDATA/ICSD_WEB/BCT/Co1Ta2_ICSD_102815,140,tI12,217.424
O4Rh2,aflow:d8a4ae856daf528c,aflowlib.duke.edu:AFLOWDATA/ICSD_WEB/TET/O2Rh1_ICSD_28498,136,tP6,217.514
Pd2Ti1,aflow:80b6c3e0c7ea7561,aflowlib.duke.edu:AFLOWDATA/ICSD_WEB/ORCI/Pd2Ti1_ICSD_167653,71,oI6,217.608
B12Y1,aflow:dcb115cc81848caa,aflowlib.duke.edu:AFLOWDATA/ICSD_WEB/FCC/B12Y1_ICSD_23860,225,cF52,217.678
C1Zr1,aflow:7dc8ce524d17e0a9,aflowlib.duke.edu:AFLOWDATA/LIB2_RAW/CZr_sv/201,225,cF8,217.69
Nb6Ni16Si7,aflow:91d0bb4f802940b0,aflowlib.duke.edu:AFLOWDATA/ICSD_WEB/FCC/Nb6Ni16Si7_ICSD_109220,225,cF116,217.711
Ge4O8,aflow:b3fee2a933904fcf,aflowlib.duke.edu:AFLOWDATA/ICSD_WEB/ORC/Ge1O2_ICSD_281600,60,oP12,217.891
B12Sc1,aflow:49c5ad25995cca6f,aflowlib.duke.edu:AFLOWDATA/ICSD_WEB/FCC/B12Sc1_ICSD_68028,225,cF52,217.944
Ga1Ir1,aflow:341c350b9d494069,aflowlib.duke.edu:AFLOWDATA/ICSD_WEB/CUB/Ga1Ir1_ICSD_103760,221,cP2,217.956
N4Nb16Ni8,aflow:1f902d0c90930a2a,aflowlib.duke.edu:AFLOWDATA/ICSD_WEB/FCC/N1Nb4Ni2_ICSD_644564,227,cF112,217.983
Hf3P3Ru3,aflow:8c5c614a38210321,aflowlib.duke.edu:AFLOWDATA/ICSD_WEB/HEX/Hf1P1Ru1_ICSD_53035,189,hP9,218.111
B12Dy1,aflow:dc7abd798c5a98a3,aflowlib.duke.edu:AFLOWDATA/ICSD_WEB/FCC/B12Dy1_ICSD_613592,225,cF52,218.267
Pt7Sb1,aflow:b6d3d8ef3f601fcc,aflowlib.duke.edu:AFLOWDATA/ICSD_WEB/FCC/Pt7Sb1_ICSD_54340,225,cF32,218.294
Hf3Re3Si3,aflow:38a9e95e984203dc,aflowlib.duke.edu:AFLOWDATA/ICSD_WEB/HEX/Hf1Re1Si1_ICSD_638814,189,hP9,218.335
B12Sc1,aflow:7341bf3004fb4ae7,aflowlib.duke.edu:AFLOWDATA/ICSD_WEB/BCT/B12Sc1_ICSD_615424,139,tI26,218.482
Be4N8Si4,aflow:9f66b3161bbcc27d,aflowlib.duke.edu:AFLOWDATA/ICSD_WEB/ORC/Be1N2Si1_ICSD_25704,33,oP16,218.681
Ni6Ta2,aflow:1a34de1a388ee9f0,aflowlib.duke.edu:AFLOWDATA/ICSD_WEB/ORC/Ni3Ta1_ICSD_105391,59,oP8,218.686
Re1Ti1,aflow:6b78de2c3b4532ce,aflowlib.duke.edu:AFLOWDATA/ICSD_WEB/CUB/Re1Ti1_ICSD_105896,221,cP2,218.689
B12Ho1,aflow:907f2cf21e911c3b,aflowlib.duke.edu:AFLOWDATA/ICSD_WEB/FCC/B12Ho1_ICSD_614457,225,cF52,218.689
B4Si2V10,aflow:5da96bce418c70e5,aflowlib.duke.edu:AFLOWDATA/ICSD_WEB/BCT/B2Si1V5_ICSD_44490,140,tI32,218.779
B8Fe2,aflow:542b9d66509c3499,aflowlib.duke.edu:AFLOWDATA/ICSD_WEB/ORC/B4Fe1_ICSD_425311,58,oP10,218.982
C2Fe12W12,aflow:a719b6f247461796,aflowlib.duke.edu:AFLOWDATA/ICSD_WEB/FCC/C1Fe6W6_ICSD_165458,227,cF104,219.328
C1Ru3Th1,aflow:0e1317893f59ee71,aflowlib.duke.edu:AFLOWDATA/ICSD_WEB/CUB/C1Ru3Th1_ICSD_77393,221,cP5,219.583
Ce2Os4,aflow:753431d8350d414a,aflowlib.duke.edu:AFLOWDATA/ICSD_WEB/FCC/Ce1Os2_ICSD_102241,227,cF24,219.611
N1Zr1,aflow:b20c8ae03dde80bb,aflowlib.duke.edu:AFLOWDATA/ICSD_WEB/HEX/N1Zr1_ICSD_185568,187,hP2,219.664
Re1Si2,aflow:e92232a1d7e4b071,aflowlib.duke.edu:AFLOWDATA/ICSD_WEB/BCT/Re1Si2_ICSD_108721,139,tI6,219.691
Hf2W4,aflow:15fd035ef87df0cb,aflowlib.duke.edu:AFLOWDATA/ICSD_WEB/FCC/Hf1W2_ICSD_104289,227,cF24,219.822
C2Nb4P2,aflow:bcd5afce9a25828f,aflowlib.duke.edu:AFLOWDATA/ICSD_WEB/HEX/C1Nb2P1_ICSD_43009,194,hP8,219.828
O6Rh4,aflow:3ce8003aeb9f3629,aflowlib.duke.edu:AFLOWDATA/LIB2_RAW/ORh_pv/A2B3_hR10_167_c_e-001.BA,167,hR10,219.839
N2V2,aflow:c3c088031652f898,aflowlib.duke.edu:AFLOWDATA/ICSD_WEB/HEX/N1V1_ICSD_169821,194,hP4,219.854
Al6B4Ru8,aflow:aed874a0f92764de,aflowlib.duke.edu:AFLOWDATA/ICSD_WEB/TET/Al3B2Ru4_ICSD_43844,123,tP18,219.914
B6Hf2Ni21,aflow:ea1f8c9af42e6a4b,aflowlib.duke.edu:AFLOWDATA/ICSD_WEB/FCC/B6Hf2Ni21_ICSD_614444,225,cF116,219.95
Re8Sc4,aflow:1c0045eff83689ed,aflowlib.duke.edu:AFLOWDATA/ICSD_WEB/HEX/Re2Sc1_ICSD_650085,194,hP12,220.071
Al4Pt12,aflow:d8bd8c3afee2608e,aflowlib.duke.edu:AFLOWDATA/ICSD_WEB/TET/Al1Pt3_ICSD_107439,127,tP16,220.108
Os8Y4,aflow:cb33da202450d95b,aflowlib.duke.edu:AFLOWDATA/ICSD_WEB/HEX/Os2Y1_ICSD_150518,194,hP12,220.288
Mo2O4,aflow:de9041235c02ee69,aflowlib.duke.edu:AFLOWDATA/ICSD_WEB/TET/Mo1O2_ICSD_644069,136,tP6,220.302
Ir4Lu2,aflow:281b1a764ef9cfd4,aflowlib.duke.edu:AFLOWDATA/ICSD_WEB/FCC/Ir2Lu1_ICSD_104491,227,cF24,220.422
O4Pt2,aflow:d466c5b24118e5e7,aflowlib.duke.edu:AFLOWDATA/ICSD_WEB/TET/O2Pt1_ICSD_647316,136,tP6,220.527
Cu1Pt7,aflow:52e2ca0d6eb63c1d,aflowlib.duke.edu:AFLOWDATA/ICSD_WEB/FCC/Cu1Pt7_ICSD_108775,225,cF32,220.533
O4Pt2,aflow:a0bf6292499f3088,aflowlib.duke.edu:AFLOWDATA/ICSD_WEB/ORC/O2Pt1_ICSD_202407,58,oP6,220.582
C1Ta1,aflow:fa86f8c9aa68d247,aflowlib.duke.edu:AFLOWDATA/ICSD_WEB/FCC/C1Ta1_ICSD_185993,216,cF8,220.633
B12Tb1,aflow:e6bb61b62442dc3a,aflowlib.duke.edu:AFLOWDATA/ICSD_WEB/FCC/B12Tb1_ICSD_615534,225,cF52,220.656
Al1Re1,aflow:ffb0e8968a4b8d8c,aflowlib.duke.edu:AFLOWDATA/ICSD_WEB/CUB/Al1Re1_ICSD_58146,221,cP2,220.767
C8U4W4,aflow:159163a4966d3a1a,aflowlib.duke.edu:AFLOWDATA/ICSD_WEB/ORC/C2U1W1_ICSD_619037,62,oP16,220.858
C1Zr1,aflow:b652e182b2677f30,aflowlib.duke.edu:AFLOWDATA/ICSD_WEB/FCC/C1Zr1_ICSD_159874,225,cF8,220.867
N6Ta2Th2,aflow:b11889f2f9b5bc66,aflowlib.duke.edu:AFLOWDATA/ICSD_WEB/ORCC/N3Ta1Th1_ICSD_247344,63,oS20,220.92
Al2Mo6,aflow:8fee9dfc096e994a,aflowlib.duke.edu:AFLOWDATA/ICSD_WEB/CUB/Al1Mo3_ICSD_57999,223,cP8,220.922
B12Er1,aflow:4b14719a380e0154,aflowlib.duke.edu:AFLOWDATA/ICSD_WEB/FCC/B12Er1_ICSD_613695,225,cF52,220.933
Mo3Ti1,aflow:dbd2b2ac1b4a0bab,aflowlib.duke.edu:AFLOWDATA/ICSD_WEB/ORCI/Mo3Ti1_ICSD_168952,71,oI8,221.103
O14Pt4Sb4,aflow:94728fb708ce29e7,aflowlib.duke.edu:AFLOWDATA/ICSD_WEB/FCC/O7Pt2Sb2_ICSD_108965,227,cF88,221.178
Al8C4Mo12,aflow:e05cd47388a45cb4,aflowlib.duke.edu:AFLOWDATA/ICSD_WEB/CUB/Al0.4C0.2Mo0.6_ICSD_606230,213,cP24,221.206
Be2N4Si2,aflow:15717f6d60d159de,aflowlib.duke.edu:AFLOWDATA/ICSD_WEB/BCT/Be1N2Si1_ICSD_44112,122,tI16,221.348
B28,aflow:0259d68674b800c3,aflowlib.duke.edu:AFLOWDATA/ICSD_WEB/ORC/B28_ICSD_164658,58,oP28,221.433
Nb6Rh6,aflow:6a7c00c46d0034ad,aflowlib.duke.edu:AFLOWDATA/ICSD_WEB/ORC/Nb1Rh1_ICSD_645264,51,oP12,221.456
Hf1Rh3,aflow:c38c54f6fd9ccec1,aflowlib.duke.edu:AFLOWDATA/ICSD_WEB/CUB/Hf1Rh3_ICSD_104266,221,cP4,221.583
N1Pa1,aflow:94a7e01d9960eb16,aflowlib.duke.edu:AFLOWDATA/ICSD_WEB/FCC/N1Pa1_ICSD_644621,225,cF8,221.75
Ir2Nb6,aflow:dbaf10591325ea9f,aflowlib.duke.edu:AFLOWDATA/ICSD_WEB/CUB/Ir1Nb3_ICSD_104512,223,cP8,221.783
Ho4Os8,aflow:c2968980189cbf94,aflowlib.duke.edu:AFLOWDATA/ICSD_WEB/HEX/Ho1Os2_ICSD_639531,194,hP12,221.857
Fe4Si4,aflow:f0fd4512e05329d4,aflowlib.duke.edu:AFLOWDATA/ICSD_WEB/CUB/Fe1Si1_ICSD_36188,198,cP8,222.14
Hf4O8,aflow:f199dc9d57adb100,aflowlib.duke.edu:AFLOWDATA/ICSD_WEB/ORC/Hf1O2_ICSD_173968,62,oP12,222.234
Re8Sc4,aflow:fcf6e3f7975df32a,aflowlib.duke.edu:AFLOWDATA/ICSD_WEB/HEX/Re2Sc1_ICSD_105890,194,hP12,222.3
Nb1Rh1,aflow:6672c8d58bf571b2,aflowlib.duke.edu:AFLOWDATA/ICSD_WEB/TET/Nb1Rh1_ICSD_105213,123,tP2,222.415
Ga2Mo6,aflow:6d92dc3bd5d26628,aflowlib.duke.edu:AFLOWDATA/ICSD_WEB/CUB/Ga1Mo3_ICSD_103816,223,cP8,222.439
B8Th2W2,aflow:26d9422c3b0df1e5,aflowlib.duke.edu:AFLOWDATA/ICSD_WEB/ORCC/B4Th1W1_ICSD_615588,65,oS24,222.575
Ni4P4Ta5,aflow:891e018564452531,aflowlib.duke.edu:AFLOWDATA/ICSD_WEB/BCT/Ni4P4Ta5_ICSD_646154,87,tI26,222.689
Nb4Pt4Si4,aflow:7b1d6693ba7e7cf3,aflowlib.duke.edu:AFLOWDATA/ICSD_WEB/ORC/Nb1Pt1Si1_ICSD_90433,62,oP12,222.788
Al2C6Nb8,aflow:3e06d4bedd955b6a,aflowlib.duke.edu:AFLOWDATA/ICSD_WEB/HEX/Al1C3Nb4_ICSD_160754,194,hP16,222.822
C1Cr1,aflow:df3b1dca4b13cd2c,aflowlib.duke.edu:AFLOWDATA/ICSD_WEB/FCC/C1Cr1_ICSD_181710,225,cF8,223.033
Ni4P4Ta4,aflow:44605f0be9425c0d,aflowlib.duke.edu:AFLOWDATA/ICSD_WEB/ORC/Ni1P1Ta1_ICSD_646155,62,oP12,223.173
Pt3V1,aflow:070d1a4de1bb3fe4,aflowlib.duke.edu:AFLOWDATA/ICSD_WEB/CUB/Pt3V1_ICSD_105841,221,cP4,223.35
Be2Mo6,aflow:3c1fc15dfd5cabac,aflowlib.duke.edu:AFLOWDATA/ICSD_WEB/CUB/Be1Mo3_ICSD_58715,223,cP8,223.556
Pt3Zr1,aflow:f62d1b72f499b218,aflowlib.duke.edu:AFLOWDATA/ICSD_WEB/CUB/Pt3Zr1_ICSD_105858,221,cP4,223.6
B6Hf3Ni20,aflow:bde2e5bd35d6ec8d,aflowlib.duke.edu:AFLOWDATA/ICSD_WEB/FCC/B6Hf3Ni20_ICSD_614442,225,cF116,223.817
Hf3Os3Si3,aflow:3aba48db17f47517,aflowlib.duke.edu:AFLOWDATA/ICSD_WEB/HEX/Hf1Os1Si1_ICSD_638753,189,hP9,224.023
Mn1V1,aflow:c6d068e985f2a15e,aflowlib.duke.edu:AFLOWDATA/ICSD_WEB/CUB/Mn1V1_ICSD_104998,221,cP2,224.467
Cr1O2,aflow:8d47ab0cd595e5b5,aflowlib.duke.edu:AFLOWDATA/ICSD_WEB/FCC/Cr1O2_ICSD_186838,225,cF12,224.494
Os4Si4,aflow:f11d4e973cc8a324,aflowlib.duke.edu:AFLOWDATA/ICSD_WEB/CUB/Os1Si1_ICSD_15692,198,cP8,224.574
Ni16Si7Ta6,aflow:9c3b576a5969b889,aflowlib.duke.edu:AFLOWDATA/ICSD_WEB/FCC/Ni16Si7Ta6_ICSD_109219,225,cF116,224.583
Mo6Si4,aflow:9222875ff7d04782,aflowlib.duke.edu:AFLOWDATA/ICSD_WEB/TET/Mo3Si2_ICSD_644412,127,tP10,224.628
C2Mg2N4,aflow:58fe68b5f9920e5b,aflowlib.duke.edu:AFLOWDATA/ICSD_WEB/BCT/C1Mg1N2_ICSD_44110,122,tI16,224.651
N1Zr1,aflow:e917b3e6c78be74b,aflowlib.duke.edu:AFLOWDATA/ICSD_WEB/CUB/N1Zr1_ICSD_181144,221,cP2,224.85
C2Nb2,aflow:5cf3f0f94eab4d50,aflowlib.duke.edu:AFLOWDATA/ICSD_WEB/HEX/C1Nb1_ICSD_189092,194,hP4,225.053
Nb6Os2,aflow:0c4781673ab00865,aflowlib.duke.edu:AFLOWDATA/ICSD_WEB/CUB/Nb3Os1_ICSD_105184,223,cP8,225.283
Al1Tc2,aflow:2333c0f263184005,aflowlib.duke.edu:AFLOWDATA/ICSD_WEB/BCT/Al1Tc2_ICSD_609480,139,tI6,225.36
Mo8P5,aflow:e27395c80060fd47,aflowlib.duke.edu:AFLOWDATA/ICSD_WEB/MCL/Mo8P5_ICSD_15058,6,mP13,225.482
C4Nb16Rh8,aflow:a3cca7c11dd99072,aflowlib.duke.edu:AFLOWDATA/ICSD_WEB/FCC/C1Nb4Rh2_ICSD_618493,227,cF112,225.506
Ir1V1,aflow:1638a35ca98e8127,aflowlib.duke.edu:AFLOWDATA/ICSD_WEB/TET/Ir1V1_ICSD_104589,123,tP2,225.643
Rh4Si4,aflow:076adc806cdc6385,aflowlib.duke.edu:AFLOWDATA/ICSD_WEB/CUB/Rh1Si1_ICSD_182504,198,cP8,225.697
Ge6W10,aflow:f47437478abdc5a1,aflowlib.duke.edu:AFLOWDATA/ICSD_WEB/BCT/Ge3W5_ICSD_638119,140,tI32,225.721
B8Rh8Tb2,aflow:eeaa25c6506f3816,aflowlib.duke.edu:AFLOWDATA/ICSD_WEB/TET/B4Rh4Tb1_ICSD_615322,137,tP18,225.94
Al1Pt3,aflow:03988d8bec1cfd41,aflowlib.duke.edu:AFLOWDATA/ICSD_WEB/CUB/Al1Pt3_ICSD_107869,221,cP4,225.972
Rh3Ti1,aflow:2912c3468b1bd6b8,aflowlib.duke.edu:AFLOWDATA/ICSD_WEB/CUB/Rh3Ti1_ICSD_105955,221,cP4,225.972
P7Ru12Sc2,aflow:b24a7033c6d80571,aflowlib.duke.edu:AFLOWDATA/ICSD_WEB/HEX/P7Ru12Sc2_ICSD_77791,174,hP21,226.107
Hf2N4,aflow:498446871e4b60b5,aflowlib.duke.edu:AFLOWDATA/ICSD_WEB/HEX/Hf1N2_ICSD_290428,194,hP6,226.598
Os4P4Zr4,aflow:227ef61671f0da9a,aflowlib.duke.edu:AFLOWDATA/ICSD_WEB/ORC/Os1P1Zr1_ICSD_647720,62,oP12,226.905
Nb4Rh4Si4,aflow:9bc6f40af65534e5,aflowlib.duke.edu:AFLOWDATA/ICSD_WEB/ORC/Nb1Rh1Si1_ICSD_90434,62,oP12,227.176
O3W1,aflow:3476587550814183,aflowlib.duke.edu:AFLOWDATA/ICSD_WEB/CUB/O3W1_ICSD_108651,221,cP4,227.467
C1Rh1,aflow:7be5615d2447110a,aflowlib.duke.edu:AFLOWDATA/ICSD_WEB/FCC/C1Rh1_ICSD_183172,216,cF8,227.583
B8Dy2Rh8,aflow:2117ba53713d1039,aflowlib.duke.edu:AFLOWDATA/ICSD_WEB/TET/B4Dy1Rh4_ICSD_613679,137,tP18,227.596
C6Ir10,aflow:1379caa519e811ca,aflowlib.duke.edu:AFLOWDATA/ICSD_WEB/ORC/C3Ir5_ICSD_181485,55,oP16,227.643
Hf1Os1,aflow:e958030590a0d0bd,aflowlib.duke.edu:AFLOWDATA/ICSD_WEB/CUB/Hf1Os1_ICSD_104252,221,cP2,227.65
Nb8O10,aflow:8e322aaec561d397,aflowlib.duke.edu:AFLOWDATA/ICSD_WEB/TET/Nb4O5_ICSD_39595,137,tP18,227.741
B1Hf1Rh3,aflow:4dcc43262f37534a,aflowlib.duke.edu:AFLOWDATA/ICSD_WEB/CUB/B1Hf1Rh3_ICSD_614447,221,cP5,227.789
B8Ho2Rh8,aflow:9f3c65fa123a9d62,aflowlib.duke.edu:AFLOWDATA/ICSD_WEB/TET/B4Ho1Rh4_ICSD_601533,137,tP18,227.847
C4Ni8Ta16,aflow:b9ae23dfe8fd531b,aflowlib.duke.edu:AFLOWDATA/ICSD_WEB/FCC/C1Ni2Ta4_ICSD_618567,227,cF112,227.933
B8Er2Rh8,aflow:90dedce1ab633737,aflowlib.duke.edu:AFLOWDATA/ICSD_WEB/TET/B4Er1Rh4_ICSD_49631,137,tP18,228.294
B1Rh6Ti2,aflow:8af29b635e51b3f7,aflowlib.duke.edu:AFLOWDATA/ICSD_WEB/FCC/B1Rh6Ti2_ICSD_415337,225,cF36,228.317
B8Mo2U2,aflow:f63f1516da1306c3,aflowlib.duke.edu:AFLOWDATA/ICSD_WEB/ORCC/B4Mo1U1_ICSD_614852,65,oS24,228.375
Mg4O12Si4,aflow:fe60676520725e77,aflowlib.duke.edu:AFLOWDATA/ICSD_WEB/ORC/Mg1O3Si1_ICSD_41659,62,oP20,228.431
B8Rh8Y2,aflow:e09b5a1f3f9dbc74,aflowlib.duke.edu:AFLOWDATA/ICSD_WEB/TET/B4Rh4Y1_ICSD_44569,137,tP18,228.711
C4Cr12Nb12,aflow:a09fe58198dad403,aflowlib.duke.edu:AFLOWDATA/ICSD_WEB/FCC/C1Cr3Nb3_ICSD_76131,227,cF112,228.894
O4V2,aflow:c8381e74e56f350a,aflowlib.duke.edu:AFLOWDATA/ICSD_WEB/TET/O2V1_ICSD_10141,136,tP6,229.051
C4Nb8,aflow:1567e729c43c13dc,aflowlib.duke.edu:AFLOWDATA/ICSD_WEB/ORC/C1Nb2_ICSD_31973,62,oP12,229.144
B6Ni21U2,aflow:35da6b84199f2098,aflowlib.duke.edu:AFLOWDATA/ICSD_WEB/FCC/B6Ni21U2_ICSD_44533,225,cF116,229.267
B8Rh8Th2,aflow:88ed31ffc6166706,aflowlib.duke.edu:AFLOWDATA/ICSD_WEB/TET/B4Rh4Th1_ICSD_601578,137,tP18,229.36
P1Rh2,aflow:4ca2b630d8cbb6dd,aflowlib.duke.edu:AFLOWDATA/ICSD_WEB/FCC/P1Rh2_ICSD_38356,225,cF12,229.683
C1Tc1,aflow:3faccddce4b6bc29,aflowlib.duke.edu:AFLOWDATA/ICSD_WEB/FCC/C1Tc1_ICSD_183167,225,cF8,230.128
N4Ni8Ta16,aflow:05d40d048cd26a94,aflowlib.duke.edu:AFLOWDATA/ICSD_WEB/FCC/N1Ni2Ta4_ICSD_644599,227,cF112,230.322
Al8O12,aflow:c9b85a6eb23d3036,aflowlib.duke.edu:AFLOWDATA/ICSD_WEB/ORC/Al2O3_ICSD_151590,60,oP20,230.569
O3Re1,aflow:04c1e3d16ba9bf64,aflowlib.duke.edu:AFLOWDATA/ICSD_WEB/CUB/O3Re1_ICSD_105546,221,cP4,230.85
B12Th1,aflow:372524132de0a17d,aflowlib.duke.edu:AFLOWDATA/ICSD_WEB/FCC/B12Th1_ICSD_108086,225,cF52,231.011
Ge4Ir4Nb4,aflow:3dcd0c27cff52597,aflowlib.duke.edu:AFLOWDATA/ICSD_WEB/ORC/Ge1Ir1Nb1_ICSD_411883,62,oP12,231.048
Ge2Mo6,aflow:82c3a184dc022f11,aflowlib.duke.edu:AFLOWDATA/ICSD_WEB/CUB/Ge1Mo3_ICSD_53717,223,cP8,231.461
C1Ru3Sc1,aflow:6969ed5a893c0533,aflowlib.duke.edu:AFLOWDATA/ICSD_WEB/CUB/C1Ru3Sc1_ICSD_77391,221,cP5,231.661
Ge4O8,aflow:e22f5d71c7644345,aflowlib.duke.edu:AFLOWDATA/ICSD_WEB/CUB/Ge1O2_ICSD_281601,205,cP12,231.802
B12Zr1,aflow:b8aa0d8cb9a0b8c1,aflowlib.duke.edu:AFLOWDATA/ICSD_WEB/FCC/B12Zr1_ICSD_23861,225,cF52,231.972
Pt3Ti1,aflow:ba3acf5ce3afd378,aflowlib.duke.edu:AFLOWDATA/ICSD_WEB/CUB/Pt3Ti1_ICSD_185640,221,cP4,232.028
Si4W6,aflow:8bd98faf69c418bc,aflowlib.duke.edu:AFLOWDATA/ICSD_WEB/TET/Si2W3_ICSD_652552,127,tP10,232.122
Al4O6,aflow:0b650eb4deb8d439,aflowlib.duke.edu:AFLOWDATA/LIB2_RAW/AlO/A2B3_hR10_167_c_e-001.AB,167,hR10,232.129
Ni3P3Rh3,aflow:b999085f2279f8f3,aflowlib.duke.edu:AFLOWDATA/ICSD_WEB/HEX/Ni1P1Rh1_ICSD_646131,189,hP9,232.256
B4N4,aflow:7b7f919191e3fb3c,aflowlib.duke.edu:AFLOWDATA/ICSD_WEB/MCLC/B1N1_ICSD_162883,70,oF32,232.497
B4Nb6,aflow:0449551808fa2508,aflowlib.duke.edu:AFLOWDATA/ICSD_WEB/TET/B2Nb3_ICSD_107319,127,tP10,233.135
Ru1Ta1,aflow:5d73fe9948f76b16,aflowlib.duke.edu:AFLOWDATA/ICSD_WEB/CUB/Ru1Ta1_ICSD_650690,221,cP2,233.233
Hf4Pt12,aflow:05d3592526d7ddc7,aflowlib.duke.edu:AFLOWDATA/ICSD_WEB/HEX/Hf1Pt3_ICSD_104258,194,hP16,233.41
O2Zr1,aflow:50c9df791c600123,aflowlib.duke.edu:AFLOWDATA/ICSD_WEB/FCC/O2Zr1_ICSD_105553,225,cF12,233.528
Hf1Pt3,aflow:79fbdb28bd68ab29,aflowlib.duke.edu:AFLOWDATA/ICSD_WEB/CUB/Hf1Pt3_ICSD_185652,221,cP4,233.611
Mo4P4Rh4,aflow:95d30c8563173fc5,aflowlib.duke.edu:AFLOWDATA/ICSD_WEB/ORC/Mo1P1Rh1_ICSD_644093,62,oP12,233.677
C1Mo1,aflow:f97128015d6366e7,aflowlib.duke.edu:AFLOWDATA/ICSD_WEB/FCC/C1Mo1_ICSD_183166,216,cF8,233.828
N8Si6,aflow:48bdcbf1fee8d266,aflowlib.duke.edu:AFLOWDATA/ICSD_WEB/HEX/N4Si3_ICSD_100135,176,hP14,234.141
Ir2V6,aflow:6ed7d44f936c0d3e,aflowlib.duke.edu:AFLOWDATA/ICSD_WEB/CUB/Ir1V3_ICSD_104592,223,cP8,234.461
Cr1N1,aflow:3f6ff80616013748,aflowlib.duke.edu:AFLOWDATA/ICSD_WEB/FCC/Cr1N1_ICSD_152809,225,cF8,234.5
Al1Ir1,aflow:7372464395d0b3c6,aflowlib.duke.edu:AFLOWDATA/ICSD_WEB/CUB/Al1Ir1_ICSD_57928,221,cP2,234.556
B2Nb2Ni2,aflow:470fae67dedb78ed,aflowlib.duke.edu:AFLOWDATA/ICSD_WEB/ORCC/B1Nb1Ni1_ICSD_43005,63,oS12,234.595
N1Pt1,aflow:8d732ca5f829e99c,aflowlib.duke.edu:AFLOWDATA/ICSD_WEB/FCC/N1Pt1_ICSD_167865,225,cF8,235.089
B8Re2Th2,aflow:9c25b1f295d1a064,aflowlib.duke.edu:AFLOWDATA/ICSD_WEB/ORCC/B4Re1Th1_ICSD_615254,65,oS24,235.119
C4V8,aflow:6e548620b60419c9,aflowlib.duke.edu:AFLOWDATA/ICSD_WEB/ORC/C1V2_ICSD_108192,60,oP12,235.336
Mo3Ni3P3,aflow:edb81c429b8382c7,aflowlib.duke.edu:AFLOWDATA/ICSD_WEB/HEX/Mo1Ni1P1_ICSD_1133,189,hP9,235.455
C1Tc1,aflow:2db34a5f338cade0,aflowlib.duke.edu:AFLOWDATA/ICSD_WEB/FCC/C1Tc1_ICSD_183168,216,cF8,235.533
B2Pt2,aflow:fab5ba5d7042a505,aflowlib.duke.edu:AFLOWDATA/ICSD_WEB/HEX/B1Pt1_ICSD_615210,194,hP4,235.759
N8Ta4,aflow:b94f322df3a0473c,aflowlib.duke.edu:AFLOWDATA/ICSD_WEB/CUB/N2Ta1_ICSD_290432,205,cP12,235.85
O3Re1,aflow:6e0fcf817cf44d2c,aflowlib.duke.edu:AFLOWDATA/LIB2_RAW/ORe_pv/A3B_cP4_221_d_a.AB,221,cP4,235.959
Hf4N8,aflow:fd9286fdb1226354,aflowlib.duke.edu:AFLOWDATA/ICSD_WEB/CUB/Hf1N2_ICSD_290429,205,cP12,236.028
B6Ni20Ta3,aflow:5a41940197c879ba,aflowlib.duke.edu:AFLOWDATA/ICSD_WEB/FCC/B6Ni20Ta3_ICSD_615021,225,cF116,236.094
C4Co8Ta16,aflow:76eb3924a0289246,aflowlib.duke.edu:AFLOWDATA/ICSD_WEB/FCC/C1Co2Ta4_ICSD_617448,227,cF112,236.617
Hf1N1,aflow:2ac33a1cfde8ab4b,aflowlib.duke.edu:AFLOWDATA/ICSD_WEB/CUB/Hf1N1_ICSD_183420,221,cP2,236.7
Fe1Ru2Si1,aflow:5516c55915dd7282,aflowlib.duke.edu:AFLOWDATA/ICSD_WEB/FCC/Fe1Ru2Si1_ICSD_53525,225,cF16,237.0
B12Hf1,aflow:34e06cdc51fc586a,aflowlib.duke.edu:AFLOWDATA/ICSD_WEB/FCC/B12Hf1_ICSD_614421,225,cF52,237.2
Al2C6Ta8,aflow:57f062a3210f15c7,aflowlib.duke.edu:AFLOWDATA/ICSD_WEB/HEX/Al1C3Ta4_ICSD_157843,194,hP16,237.457
C1Hf1,aflow:6c0fcbe9e1888638,aflowlib.duke.edu:AFLOWDATA/LIB2_RAW/CHf_pv/201,225,cF8,237.58
N3Ta1Th1,aflow:2dedd8dce7aaba03,aflowlib.duke.edu:AFLOWDATA/ICSD_WEB/CUB/N3Ta1Th1_ICSD_247345,221,cP5,237.889
B1Ir3Sc1,aflow:e43d9b6dca4e6e49,aflowlib.duke.edu:AFLOWDATA/ICSD_WEB/CUB/B1Ir3Sc1_ICSD_44423,221,cP5,237.917
B2Zr1,aflow:08bf56bf0b207b22,aflowlib.duke.edu:AFLOWDATA/ICSD_WEB/HEX/B2Zr1_ICSD_169458,191,hP3,238.111
Nb2O4,aflow:8b2b153353524b19,aflowlib.duke.edu:AFLOWDATA/ICSD_WEB/TET/Nb1O2_ICSD_56018,136,tP6,238.729
C1Ti1,aflow:dd9ba1426a59901e,aflowlib.duke.edu:AFLOWDATA/ICSD_WEB/FCC/C1Ti1_ICSD_151365,225,cF8,238.772
Nb1Pt2,aflow:64e5939b95330a2f,aflowlib.duke.edu:AFLOWDATA/ICSD_WEB/ORCI/Nb1Pt2_ICSD_105200,71,oI6,238.831
Ir3Sc1,aflow:c05f2543a2e6b0f9,aflowlib.duke.edu:AFLOWDATA/ICSD_WEB/CUB/Ir3Sc1_ICSD_108568,221,cP4,239.011
H8W4,aflow:f23d162b7bc02b36,aflowlib.duke.edu:AFLOWDATA/ICSD_WEB/ORC/H2W1_ICSD_247591,62,oP12,239.203
Nb1Ru3,aflow:8d391fe939c34557,aflowlib.duke.edu:AFLOWDATA/ICSD_WEB/CUB/Nb1Ru3_ICSD_105224,221,cP4,239.211
C1Hf1,aflow:b47a366c761301a7,aflowlib.duke.edu:AFLOWDATA/ICSD_WEB/FCC/C1Hf1_ICSD_108134,225,cF8,239.433
Mg2Mo2N4,aflow:f64ab77ceb83f1d1,aflowlib.duke.edu:AFLOWDATA/ICSD_WEB/HEX/Mg1Mo1N2_ICSD_185913,194,hP8,239.633
Be8Re4,aflow:7c8e5aa985c32506,aflowlib.duke.edu:AFLOWDATA/ICSD_WEB/HEX/Be2Re1_ICSD_58732,194,hP12,239.657
Al1Os1,aflow:0bfbd3e06ddf9497,aflowlib.duke.edu:AFLOWDATA/ICSD_WEB/CUB/Al1Os1_ICSD_58107,221,cP2,239.683
Co4N12,aflow:fdfdb34f4c4d8200,aflowlib.duke.edu:AFLOWDATA/ICSD_WEB/BCC/Co1N3_ICSD_162106,204,cI32,239.919
Nb3O3,aflow:5694ef3902a1e13d,aflowlib.duke.edu:AFLOWDATA/ICSD_WEB/CUB/Nb1O1_ICSD_14338,221,cP6,240.206
Co8N4Ta16,aflow:bef5a332ff1700c0,aflowlib.duke.edu:AFLOWDATA/ICSD_WEB/FCC/Co2N1Ta4_ICSD_624254,227,cF112,241.089
Be1O1,aflow:c316b8d2b8b69038,aflowlib.duke.edu:AFLOWDATA/ICSD_WEB/FCC/Be1O1_ICSD_162676,225,cF8,241.178
B4Co4Re4,aflow:811370539a576f03,aflowlib.duke.edu:AFLOWDATA/ICSD_WEB/ORC/B1Co1Re1_ICSD_20079,62,oP12,241.365
Mo12P4,aflow:725481039c639193,aflowlib.duke.edu:AFLOWDATA/ICSD_WEB/BCT/Mo3P1_ICSD_43238,121,tI32,241.472
B12U1,aflow:b4c17e51ae055188,aflowlib.duke.edu:AFLOWDATA/ICSD_WEB/FCC/B12U1_ICSD_23862,225,cF52,241.739
B2Ta4,aflow:7fb90aa310692ace,aflowlib.duke.edu:AFLOWDATA/ICSD_WEB/BCT/B1Ta2_ICSD_42525,140,tI12,241.926
Ru3U1,aflow:cd335767e53fce83,aflowlib.duke.edu:AFLOWDATA/ICSD_WEB/CUB/Ru3U1_ICSD_106008,221,cP4,242.028
Nb3Re3Si3,aflow:0d85b3f54582921e,aflowlib.duke.edu:AFLOWDATA/ICSD_WEB/HEX/Nb1Re1Si1_ICSD_645257,189,hP9,242.098
C1Si1,aflow:0e5c7dd4d4402dff,aflowlib.duke.edu:AFLOWDATA/ICSD_WEB/FCC/C1Si1_ICSD_182362,225,cF8,242.211
B2Ti1,aflow:32d72b1701a0a640,aflowlib.duke.edu:AFLOWDATA/ICSD_WEB/HEX/B2Ti1_ICSD_165124,191,hP3,242.253
P4Ru8,aflow:996621a58debd213,aflowlib.duke.edu:AFLOWDATA/ICSD_WEB/ORC/P1Ru2_ICSD_43686,62,oP12,242.278
C4H4N4,aflow:f72a3c4713762c2d,aflowlib.duke.edu:AFLOWDATA/ICSD_WEB/CUB/C1H1N1_ICSD_187644,198,cP12,242.476
B2Pt2,aflow:1a957803df0701a6,aflowlib.duke.edu:AFLOWDATA/ICSD_WEB/HEX/B1Pt1_ICSD_24363,194,hP4,242.715
C28V32,aflow:41c83acfdc68983d,aflowlib.duke.edu:AFLOWDATA/ICSD_WEB/CUB/C7V8_ICSD_22177,212,cP60,242.717
Al2N6Ta8,aflow:18b4630fd18cfa5c,aflowlib.duke.edu:AFLOWDATA/ICSD_WEB/HEX/Al1N3Ta4_ICSD_181350,194,hP16,242.809
B8Re2U2,aflow:2f56768f5a063e06,aflowlib.duke.edu:AFLOWDATA/ICSD_WEB/ORCC/B4Re1U1_ICSD_615262,65,oS24,243.074
Mn4Nb4P4,aflow:b1f37e8516f1f1b4,aflowlib.duke.edu:AFLOWDATA/ICSD_WEB/ORC/Mn1Nb1P1_ICSD_68280,62,oP12,243.412
C6Nb8Si2,aflow:a1f7a31124753dd7,aflowlib.duke.edu:AFLOWDATA/ICSD_WEB/HEX/C3Nb4Si1_ICSD_169044,194,hP16,243.994
Nb3O3,aflow:524e3f8a032cb40c,aflowlib.duke.edu:AFLOWDATA/LIB2_RAW/Nb_svO/AB_cP6_221_c_d.AB,221,cP6,244.131
Nb3O3,aflow:524e3f8a032cb40c,aflowlib.duke.edu:AFLOWDATA/LIB2_RAW/Nb_svO/AB_cP6_221_c_d.AB,221,cP6,244.131
Fe4P4V4,aflow:9f6039dc2a59d028,aflowlib.duke.edu:AFLOWDATA/ICSD_WEB/ORC/Fe1P1V1_ICSD_633116,62,oP12,244.176
Ru10Si6,aflow:baaf68ed4cbcc21c,aflowlib.duke.edu:AFLOWDATA/ICSD_WEB/ORC/Ru5Si3_ICSD_650615,55,oP16,244.279
B4Fe4W4,aflow:d1c5346be7fd2d90,aflowlib.duke.edu:AFLOWDATA/ICSD_WEB/ORC/B1Fe1W1_ICSD_614256,62,oP12,244.344
Nb2Pt6,aflow:1e7f9f944e7fb80f,aflowlib.duke.edu:AFLOWDATA/ICSD_WEB/ORC/Nb1Pt3_ICSD_645212,59,oP8,244.87
Ge4N8Si2,aflow:099b2305492f3179,aflowlib.duke.edu:AFLOWDATA/ICSD_WEB/FCC/Ge2N4Si1_ICSD_183103,227,cF56,244.939
Mo6Si2,aflow:27fc448cd50267a9,aflowlib.duke.edu:AFLOWDATA/ICSD_WEB/CUB/Mo3Si1_ICSD_30640,223,cP8,245.056
Mo2Rh6,aflow:416b4044dfd08715,aflowlib.duke.edu:AFLOWDATA/ICSD_WEB/HEX/Mo1Rh3_ICSD_105085,194,hP8,245.422
N12Rh4,aflow:1c2c9c7f572501eb,aflowlib.duke.edu:AFLOWDATA/ICSD_WEB/BCC/N3Rh1_ICSD_162108,204,cI32,245.505
Al2B2Ru3,aflow:1d5a88cc33f339d7,aflowlib.duke.edu:AFLOWDATA/ICSD_WEB/ORCC/Al2B2Ru3_ICSD_43843,65,oS14,245.638
Ru8Si4,aflow:63c8c688426cabe6,aflowlib.duke.edu:AFLOWDATA/ICSD_WEB/ORC/Ru2Si1_ICSD_43591,62,oP12,245.997
Re8Zr4,aflow:2d3eb8e5ba3a4b4c,aflowlib.duke.edu:AFLOWDATA/ICSD_WEB/HEX/Re2Zr1_ICSD_650209,194,hP12,246.207
Ir4Nb4Si4,aflow:0a2ad91ef1bbd4e9,aflowlib.duke.edu:AFLOWDATA/ICSD_WEB/ORC/Ir1Nb1Si1_ICSD_411882,62,oP12,246.229
N4Ru2,aflow:ff772ba0d7554ad3,aflowlib.duke.edu:AFLOWDATA/ICSD_WEB/ORC/N2Ru1_ICSD_240754,58,oP6,246.245
N1Zr1,aflow:cfad5bdff5d83557,aflowlib.duke.edu:AFLOWDATA/ICSD_WEB/FCC/N1Zr1_ICSD_167851,225,cF8,246.339
Si6Tc10,aflow:8e36b1f17908f2a0,aflowlib.duke.edu:AFLOWDATA/ICSD_WEB/BCT/Si3Tc5_ICSD_652383,140,tI32,246.393
Os1Ti1,aflow:0bf997c48fac9fb0,aflowlib.duke.edu:AFLOWDATA/ICSD_WEB/CUB/Os1Ti1_ICSD_105572,221,cP2,246.422
Rh4Si4Ta4,aflow:ad9354be15e720b4,aflowlib.duke.edu:AFLOWDATA/ICSD_WEB/ORC/Rh1Si1Ta1_ICSD_90435,62,oP12,246.613
C1Pu1Ru3,aflow:96c08e201f88c223,aflowlib.duke.edu:AFLOWDATA/ICSD_WEB/CUB/C1Pu1Ru3_ICSD_108183,221,cP5,246.647
B4Ni12,aflow:8546c11dea2f0f85,aflowlib.duke.edu:AFLOWDATA/ICSD_WEB/ORC/B1Ni3_ICSD_106927,62,oP16,246.848
Al8B4Re12,aflow:df021441e8995d8a,aflowlib.duke.edu:AFLOWDATA/ICSD_WEB/FCC/Al2B1Re3_ICSD_43842,227,cF96,247.039
Ir4Zr2,aflow:aef1246e5a5979ad,aflowlib.duke.edu:AFLOWDATA/ICSD_WEB/FCC/Ir2Zr1_ICSD_104608,227,cF24,247.144
B2Nb2O8,aflow:43961ee5cd25786b,aflowlib.duke.edu:AFLOWDATA/ICSD_WEB/BCT/B1Nb1O4_ICSD_63202,141,tI24,247.219
N1Rh1,aflow:76a949f3e4293a2e,aflowlib.duke.edu:AFLOWDATA/ICSD_WEB/HEX/N1Rh1_ICSD_185573,187,hP2,247.528
Os1V1,aflow:ac232fbf28827cdb,aflowlib.duke.edu:AFLOWDATA/ICSD_WEB/CUB/Os1V1_ICSD_150935,221,cP2,247.633
Pt6Si3,aflow:91811bd5d92e6928,aflowlib.duke.edu:AFLOWDATA/ICSD_WEB/HEX/Pt2Si1_ICSD_649614,189,hP9,247.777
Ir5Th1,aflow:7105e05bda001793,aflowlib.duke.edu:AFLOWDATA/ICSD_WEB/HEX/Ir5Th1_ICSD_104573,191,hP6,247.867
C1Cr1,aflow:c202668d580fc1be,aflowlib.duke.edu:AFLOWDATA/LIB2_RAW/CCr_pv/201,225,cF8,247.867
O4Ru2,aflow:fa0c83e3388487ed,aflowlib.duke.edu:AFLOWDATA/ICSD_WEB/ORC/O2Ru1_ICSD_290495,58,oP6,248.21
Tc1V1,aflow:f79a697dd14b142c,aflowlib.duke.edu:AFLOWDATA/ICSD_WEB/CUB/Tc1V1_ICSD_106143,221,cP2,248.539
C1Pt1,aflow:3e796af1a6735597,aflowlib.duke.edu:AFLOWDATA/ICSD_WEB/HEX/C1Pt1_ICSD_169405,187,hP2,248.786
O4Ta2,aflow:3d9128eca44abb0e,aflowlib.duke.edu:AFLOWDATA/ICSD_WEB/TET/O2Ta1_ICSD_603572,136,tP6,248.822
Os8Sc4,aflow:fc20534c45545bcc,aflowlib.duke.edu:AFLOWDATA/ICSD_WEB/HEX/Os2Sc1_ICSD_150515,194,hP12,249.371
Re3Si3Ta3,aflow:e5124c2b0062222f,aflowlib.duke.edu:AFLOWDATA/ICSD_WEB/HEX/Re1Si1Ta1_ICSD_650119,189,hP9,249.425
Fe4Nb4P4,aflow:1428e7d131ccbde0,aflowlib.duke.edu:AFLOWDATA/ICSD_WEB/ORC/Fe1Nb1P1_ICSD_632794,62,oP12,249.699
Hf4Tc8,aflow:97a4fa41470d92e6,aflowlib.duke.edu:AFLOWDATA/ICSD_WEB/HEX/Hf1Tc2_ICSD_638955,194,hP12,249.74
Re8Zr4,aflow:60fbc5ebb2614257,aflowlib.duke.edu:AFLOWDATA/ICSD_WEB/HEX/Re2Zr1_ICSD_650212,194,hP12,249.812
C1Ti1,aflow:16b8970d5a033170,aflowlib.duke.edu:AFLOWDATA/LIB2_RAW/CTi_sv/201,225,cF8,250.114
B2Hf1,aflow:09457595b027e910,aflowlib.duke.edu:AFLOWDATA/ICSD_WEB/HEX/B2Hf1_ICSD_167820,191,hP3,250.639
O4Ru2,aflow:5433cf1ada4a05c1,aflowlib.duke.edu:AFLOWDATA/LIB2_RAW/ORu_pv/A2B_tP6_136_f_a-001.AB,136,tP6,250.64
Pt4Ta2,aflow:c1ac86b1c7ec4a36,aflowlib.duke.edu:AFLOWDATA/ICSD_WEB/ORCC/Pt2Ta1_ICSD_105802,63,oS12,250.667
Nb4P4Ru4,aflow:f45055f4ef13b036,aflowlib.duke.edu:AFLOWDATA/ICSD_WEB/ORC/Nb1P1Ru1_ICSD_645175,62,oP12,251.047
C1Ru1,aflow:66a8421bcf7958af,aflowlib.duke.edu:AFLOWDATA/ICSD_WEB/FCC/C1Ru1_ICSD_181771,216,cF8,251.078
Re8Zr4,aflow:76e5c883a33f1ee8,aflowlib.duke.edu:AFLOWDATA/ICSD_WEB/HEX/Re2Zr1_ICSD_650208,194,hP12,251.175
B4Ta6,aflow:812876728172215e,aflowlib.duke.edu:AFLOWDATA/ICSD_WEB/TET/B2Ta3_ICSD_107320,127,tP10,251.363
Hf1O2,aflow:fa3bd3969b846c2b,aflowlib.duke.edu:AFLOWDATA/ICSD_WEB/FCC/Hf1O2_ICSD_173967,225,cF12,252.028
Ta1Tc1,aflow:4636a6353e82ddee,aflowlib.duke.edu:AFLOWDATA/ICSD_WEB/CUB/Ta1Tc1_ICSD_106117,221,cP2,252.117
Ru1Si1,aflow:880c8fef7f3b232b,aflowlib.duke.edu:AFLOWDATA/ICSD_WEB/CUB/Ru1Si1_ICSD_44616,221,cP2,252.394
N1Ru1,aflow:e9a1d4df7372024a,aflowlib.duke.edu:AFLOWDATA/ICSD_WEB/FCC/N1Ru1_ICSD_183190,216,cF8,252.617
B28Mo12Y4,aflow:6cdc02d0ed2423ed,aflowlib.duke.edu:AFLOWDATA/ICSD_WEB/ORC/B7Mo3Y1_ICSD_39873,62,oP44,252.763
Nb1Rh3,aflow:e5c0d55f329a6b84,aflowlib.duke.edu:AFLOWDATA/ICSD_WEB/CUB/Nb1Rh3_ICSD_105214,221,cP4,252.822
Pt3V1,aflow:bda48bfbdd63e454,aflowlib.duke.edu:AFLOWDATA/ICSD_WEB/BCT/Pt3V1_ICSD_105840,139,tI8,252.873
Os3Zr1,aflow:76196fa1b70f94cf,aflowlib.duke.edu:AFLOWDATA/ICSD_WEB/CUB/Os3Zr1_ICSD_185644,221,cP4,252.9
Al1N1,aflow:06c4f5b0f1a49096,aflowlib.duke.edu:AFLOWDATA/ICSD_WEB/FCC/Al1N1_ICSD_105522,225,cF8,253.039
Ni3P3W3,aflow:033207703b32945f,aflowlib.duke.edu:AFLOWDATA/ICSD_WEB/HEX/Ni1P1W1_ICSD_646181,189,hP9,253.264
Ir6Nb6,aflow:44bb4888c765fb7f,aflowlib.duke.edu:AFLOWDATA/ICSD_WEB/ORC/Ir1Nb1_ICSD_640828,51,oP12,253.267
B2Ir3Th1,aflow:8abcebb53cd250d1,aflowlib.duke.edu:AFLOWDATA/ICSD_WEB/HEX/B2Ir3Th1_ICSD_44425,191,hP6,253.307
N2U1,aflow:6ff5ead0224a7725,aflowlib.duke.edu:AFLOWDATA/ICSD_WEB/FCC/N2U1_ICSD_105129,225,cF12,253.567
Cr1Rh3,aflow:28847c37c6fa69ea,aflowlib.duke.edu:AFLOWDATA/ICSD_WEB/CUB/Cr1Rh3_ICSD_108348,221,cP4,253.761
Ir1N1,aflow:054123e54b15f7eb,aflowlib.duke.edu:AFLOWDATA/ICSD_WEB/FCC/Ir1N1_ICSD_183156,216,cF8,253.8
N8Si6,aflow:23b2952e743dd8d4,aflowlib.duke.edu:AFLOWDATA/ICSD_WEB/BCC/N4Si3_ICSD_97567,220,cI28,254.578
Ir2O4,aflow:f2017297ff3f45c8,aflowlib.duke.edu:AFLOWDATA/ICSD_WEB/TET/Ir1O2_ICSD_56009,136,tP6,255.209
Ir4Si4Ta4,aflow:0333f4a56bc81637,aflowlib.duke.edu:AFLOWDATA/ICSD_WEB/ORC/Ir1Si1Ta1_ICSD_411884,62,oP12,255.733
Al1Re2,aflow:ed75ba31d09c3ba7,aflowlib.duke.edu:AFLOWDATA/ICSD_WEB/BCT/Al1Re2_ICSD_58147,139,tI6,255.967
B4Hf6Ir10,aflow:d334a6eb4253fef4,aflowlib.duke.edu:AFLOWDATA/ICSD_WEB/TET/B2Hf3Ir5_ICSD_44316,127,tP20,256.204
P4Rh4Ta4,aflow:9508354e3bf3ff2c,aflowlib.duke.edu:AFLOWDATA/ICSD_WEB/ORC/P1Rh1Ta1_ICSD_648003,62,oP12,256.22
Re8Zr4,aflow:572a8aac8b57ea56,aflowlib.duke.edu:AFLOWDATA/ICSD_WEB/HEX/Re2Zr1_ICSD_650217,194,hP12,256.362
B4Mn1,aflow:81fd9bfaa37455a4,aflowlib.duke.edu:AFLOWDATA/ICSD_WEB/MCLC/B4Mn1_ICSD_15079,71,oI10,257.372
Ir4V4,aflow:5fcf29891c1ff440,aflowlib.duke.edu:AFLOWDATA/ICSD_WEB/ORCC/Ir1V1_ICSD_169389,65,oS16,257.698
Ir3Pa1,aflow:6a5764c23dd260e3,aflowlib.duke.edu:AFLOWDATA/ICSD_WEB/CUB/Ir3Pa1_ICSD_104537,221,cP4,257.789
C1W1,aflow:773f66d722ac2cab,aflowlib.duke.edu:AFLOWDATA/ICSD_WEB/FCC/C1W1_ICSD_185994,216,cF8,257.794
N3V6,aflow:b857a0a8990500bb,aflowlib.duke.edu:AFLOWDATA/ICSD_WEB/HEX/N1V2_ICSD_167802,162,hP9,257.8
Ir1Nb1,aflow:d11e5747fb179dd4,aflowlib.duke.edu:AFLOWDATA/ICSD_WEB/TET/Ir1Nb1_ICSD_104509,123,tP2,257.817
B8Hf2Ir6,aflow:ce29391dc938bbb0,aflowlib.duke.edu:AFLOWDATA/ICSD_WEB/HEX/B4Hf1Ir3_ICSD_614432,176,hP16,257.964
C1Ru3Zr1,aflow:5c50194cee2c2f1e,aflowlib.duke.edu:AFLOWDATA/ICSD_WEB/CUB/C1Ru3Zr1_ICSD_77282,221,cP5,258.494
Fe4P4Ta4,aflow:a524a8751b3f3630,aflowlib.duke.edu:AFLOWDATA/ICSD_WEB/ORC/Fe1P1Ta1_ICSD_49729,62,oP12,258.968
Mo2Rh2,aflow:d843347666787469,aflowlib.duke.edu:AFLOWDATA/ICSD_WEB/ORC/Mo1Rh1_ICSD_108608,51,oP4,259.265
C1Pt1,aflow:13435caa82fe4e49,aflowlib.duke.edu:AFLOWDATA/ICSD_WEB/FCC/C1Pt1_ICSD_181114,225,cF8,259.283
Rh1Sb1U1,aflow:67b68d026913588e,aflowlib.duke.edu:AFLOWDATA/ICSD_WEB/FCC/Rh1Sb1U1_ICSD_52068,216,cF12,259.969
B2O8Ta2,aflow:8b970538fe25ea60,aflowlib.duke.edu:AFLOWDATA/ICSD_WEB/BCT/B1O4Ta1_ICSD_20383,141,tI24,260.187
B2Ce1Ir3,aflow:13d4d51cec45ebe0,aflowlib.duke.edu:AFLOWDATA/ICSD_WEB/HEX/B2Ce1Ir3_ICSD_97341,191,hP6,260.496
Fe2N4W2,aflow:b28ce86f41201aa7,aflowlib.duke.edu:AFLOWDATA/ICSD_WEB/HEX/Fe1N2W1_ICSD_75971,194,hP8,261.176
O4Si2,aflow:4f902b3d58a95155,aflowlib.duke.edu:AFLOWDATA/ICSD_WEB/TET/O2Si1_ICSD_10078,136,tP6,261.299
Rh3Ta1,aflow:1cc19369e172f540,aflowlib.duke.edu:AFLOWDATA/ICSD_WEB/CUB/Rh3Ta1_ICSD_105939,221,cP4,261.828
C8,aflow:b09fb2c5d1e939ca,aflowlib.duke.edu:AFLOWDATA/ICSD_WEB/ORCC/C1_ICSD_88816,65,oS16,262.484
Mo6Pt2,aflow:2e37a56af4d58d47,aflowlib.duke.edu:AFLOWDATA/ICSD_WEB/CUB/Mo3Pt1_ICSD_105071,223,cP8,262.539
B2V2,aflow:903c90bb4da3e6a0,aflowlib.duke.edu:AFLOWDATA/ICSD_WEB/ORCC/B1V1_ICSD_42952,63,oS8,262.738
B4V3,aflow:da95f17820b9c395,aflowlib.duke.edu:AFLOWDATA/ICSD_WEB/ORCI/B4V3_ICSD_615659,71,oI14,263.174
Hf4Re8,aflow:ad41a3c8cb8e3655,aflowlib.duke.edu:AFLOWDATA/ICSD_WEB/HEX/Hf1Re2_ICSD_150512,194,hP12,263.216
C1Nb1,aflow:769e733eb3a11f23,aflowlib.duke.edu:AFLOWDATA/ICSD_WEB/CUB/C1Nb1_ICSD_189090,221,cP2,263.75
N1Rh1,aflow:9b25a80f93aee9e1,aflowlib.duke.edu:AFLOWDATA/ICSD_WEB/FCC/N1Rh1_ICSD_183191,225,cF8,263.822
P4Ru4Ta4,aflow:4a3724566247c38d,aflowlib.duke.edu:AFLOWDATA/ICSD_WEB/ORC/P1Ru1Ta1_ICSD_648031,62,oP12,264.011
C4Mo16Ni8,aflow:12a02af58baf98a1,aflowlib.duke.edu:AFLOWDATA/ICSD_WEB/FCC/C1Mo4Ni2_ICSD_76137,227,cF112,264.228
B4Cr1,aflow:71617e3eeffef488,aflowlib.duke.edu:AFLOWDATA/ICSD_WEB/ORCI/B4Cr1_ICSD_24353,71,oI10,264.445
N2Rh2,aflow:f37283da7ac0bd4e,aflowlib.duke.edu:AFLOWDATA/ICSD_WEB/HEX/N1Rh1_ICSD_185563,194,hP4,264.49
B8Cr2,aflow:32ca0a12b5f25e59,aflowlib.duke.edu:AFLOWDATA/ICSD_WEB/ORC/B4Cr1_ICSD_186851,58,oP10,264.499
Mo2Pt2,aflow:d0c29ad69c95c8f2,aflowlib.duke.edu:AFLOWDATA/ICSD_WEB/ORC/Mo1Pt1_ICSD_644148,51,oP4,264.665
C1Ni1,aflow:e9301e24b4623b39,aflowlib.duke.edu:AFLOWDATA/ICSD_WEB/FCC/C1Ni1_ICSD_180457,225,cF8,264.689
N3V2,aflow:589af7a1a460fbba,aflowlib.duke.edu:AFLOWDATA/ICSD_WEB/HEX/N3V2_ICSD_182700,164,hP5,264.777
B8Ir6Zr2,aflow:a72c66403b8d08d2,aflowlib.duke.edu:AFLOWDATA/ICSD_WEB/HEX/B4Ir3Zr1_ICSD_614583,176,hP16,265.018
Mo12N4Ni8,aflow:d3d16a5555e1d1d0,aflowlib.duke.edu:AFLOWDATA/ICSD_WEB/CUB/Mo3N1Ni2_ICSD_165261,213,cP24,265.844
N3Ta3,aflow:7242d7e82907f273,aflowlib.duke.edu:AFLOWDATA/ICSD_WEB/HEX/N1Ta1_ICSD_182348,191,hP6,266.091
N1Tc1,aflow:976e92804505ea2b,aflowlib.duke.edu:AFLOWDATA/ICSD_WEB/FCC/N1Tc1_ICSD_183187,225,cF8,266.2
Hf1Os3,aflow:657e6ad9750772fb,aflowlib.duke.edu:AFLOWDATA/ICSD_WEB/CUB/Hf1Os3_ICSD_185650,221,cP4,266.844
O8W4,aflow:9d672c47b2fc6f85,aflowlib.duke.edu:AFLOWDATA/LIB2_RAW/OW_pv/A2B_mP12_14_2e_e-002.AB,14,mP12,266.951
O8Ru4,aflow:4b4d8105d7c3eacc,aflowlib.duke.edu:AFLOWDATA/ICSD_WEB/CUB/O2Ru1_ICSD_66939,205,cP12,267.408
N8Re4,aflow:869d064477a9d8a9,aflowlib.duke.edu:AFLOWDATA/ICSD_WEB/CUB/N2Re1_ICSD_290438,205,cP12,267.536
C3Nb4,aflow:e1f16aa26b4ae82a,aflowlib.duke.edu:AFLOWDATA/ICSD_WEB/CUB/C3Nb4_ICSD_42758,221,cP7,268.244
B4Nb3,aflow:8f41f9108042804d,aflowlib.duke.edu:AFLOWDATA/ICSD_WEB/ORCI/B4Nb3_ICSD_656212,71,oI14,268.313
N4Ta2,aflow:47d3f3ddbfe6fd04,aflowlib.duke.edu:AFLOWDATA/ICSD_WEB/HEX/N2Ta1_ICSD_290431,194,hP6,268.578
B8Nb4Ni4,aflow:a47595f4f42056e4,aflowlib.duke.edu:AFLOWDATA/ICSD_WEB/ORC/B2Nb1Ni1_ICSD_614910,62,oP16,268.881
Hf1N1,aflow:a3ef546736421603,aflowlib.duke.edu:AFLOWDATA/ICSD_WEB/FCC/Hf1N1_ICSD_167859,225,cF8,269.533
N3Ta2Zr1,aflow:3d7e68f7ff5a44bf,aflowlib.duke.edu:AFLOWDATA/ICSD_WEB/HEX/N3Ta2Zr1_ICSD_186422,191,hP6,269.713
Ir3Zr1,aflow:3449b10658b69dd3,aflowlib.duke.edu:AFLOWDATA/ICSD_WEB/CUB/Ir3Zr1_ICSD_104610,221,cP4,269.722
N1Ti1,aflow:6cbb3552b5a8b20a,aflowlib.duke.edu:AFLOWDATA/ICSD_WEB/FCC/N1Ti1_ICSD_105128,225,cF8,269.778
O4Os2,aflow:bdb002522824fad1,aflowlib.duke.edu:AFLOWDATA/LIB2_RAW/OOs_pv/A2B_tP6_136_f_a-001.AB,136,tP6,269.836
O4Os2,aflow:09be66b9ee3ec794,aflowlib.duke.edu:AFLOWDATA/ICSD_WEB/TET/O2Os1_ICSD_15070,136,tP6,270.183
O8Re4,aflow:c85c1d1ed3ac501d,aflowlib.duke.edu:AFLOWDATA/ICSD_WEB/ORC/O2Re1_ICSD_24060,60,oP12,270.644
C2Nb2,aflow:92e7fe1e33406140,aflowlib.duke.edu:AFLOWDATA/ICSD_WEB/HEX/C1Nb1_ICSD_189093,194,hP4,271.037
Mo16N4Ni8,aflow:e564a862d099a479,aflowlib.duke.edu:AFLOWDATA/ICSD_WEB/FCC/Mo4N1Ni2_ICSD_162277,227,cF112,271.5
N2Os1,aflow:543873816dec8d9e,aflowlib.duke.edu:AFLOWDATA/ICSD_WEB/HEX/N2Os1_ICSD_290439,187,hP3,271.927
C1Ru3V1,aflow:ef40e248413b5ee6,aflowlib.duke.edu:AFLOWDATA/ICSD_WEB/CUB/C1Ru3V1_ICSD_77394,221,cP5,271.967
Mo1Pt2,aflow:cdbe97e96d2d1cf1,aflowlib.duke.edu:AFLOWDATA/ICSD_WEB/ORCI/Mo1Pt2_ICSD_105070,71,oI6,271.968
Cr2N2Nb2,aflow:6ccde8ea210c811b,aflowlib.duke.edu:AFLOWDATA/ICSD_WEB/TET/Cr1N1Nb1_ICSD_23779,129,tP6,272.008
B4Mo4Nb2,aflow:067fa0e44493c0a4,aflowlib.duke.edu:AFLOWDATA/ICSD_WEB/TET/B2Mo2Nb1_ICSD_614821,127,tP10,272.126
B6V4,aflow:2fdc4e9364777c53,aflowlib.duke.edu:AFLOWDATA/ICSD_WEB/ORCC/B3V2_ICSD_615660,63,oS20,272.201
Ir3U1,aflow:9af60c5a7274d323,aflowlib.duke.edu:AFLOWDATA/ICSD_WEB/CUB/Ir3U1_ICSD_104587,221,cP4,272.239
P4W12,aflow:57c7a3dec0c6c844,aflowlib.duke.edu:AFLOWDATA/ICSD_WEB/BCT/P1W3_ICSD_648282,82,tI32,273.122
B8Nb7Ru6,aflow:9b20bb8c04dd7312,aflowlib.duke.edu:AFLOWDATA/ICSD_WEB/HEX/B8Nb7Ru6_ICSD_263041,175,hP21,273.167
N4Pt2,aflow:50f0224e86232605,aflowlib.duke.edu:AFLOWDATA/ICSD_WEB/ORC/N2Pt1_ICSD_166463,58,oP6,273.284
N2Re1,aflow:83dd2f297f8f1917,aflowlib.duke.edu:AFLOWDATA/ICSD_WEB/HEX/N2Re1_ICSD_290436,187,hP3,273.326
B2V1,aflow:75a24ef7ad5fbf92,aflowlib.duke.edu:AFLOWDATA/ICSD_WEB/HEX/B2V1_ICSD_165125,191,hP3,273.847
N4,aflow:6e985aea105c23d0,aflowlib.duke.edu:AFLOWDATA/ICSD_WEB/BCC/N1_ICSD_187643,199,cI8,275.415
B2Ta2,aflow:17d91facf770bfbd,aflowlib.duke.edu:AFLOWDATA/ICSD_WEB/ORCC/B1Ta1_ICSD_186194,63,oS8,275.735
B6C2Nb6,aflow:cd1e611bc5b35a8e,aflowlib.duke.edu:AFLOWDATA/ICSD_WEB/ORCC/B3C1Nb3_ICSD_411622,63,oS28,275.841
B6Nb4,aflow:2c2bd8bb17d04c71,aflowlib.duke.edu:AFLOWDATA/ICSD_WEB/ORCC/B3Nb2_ICSD_656213,63,oS20,276.146
C1Ir1,aflow:3df71fdb8f321767,aflowlib.duke.edu:AFLOWDATA/ICSD_WEB/FCC/C1Ir1_ICSD_185997,216,cF8,276.461
B6Ta5,aflow:9971b568135d5bf9,aflowlib.duke.edu:AFLOWDATA/ICSD_WEB/ORCC/B6Ta5_ICSD_68538,65,oS22,277.634
Co1N1,aflow:34d0a12005e4459a,aflowlib.duke.edu:AFLOWDATA/ICSD_WEB/FCC/Co1N1_ICSD_184377,225,cF8,278.061
Ir2O4,aflow:57684cd18295f33f,aflowlib.duke.edu:AFLOWDATA/LIB2_RAW/IrO/A2B_tP6_136_f_a-001.BA,136,tP6,279.774
N12Ta10,aflow:2f07261097099263,aflowlib.duke.edu:AFLOWDATA/ICSD_WEB/HEX/N6Ta5_ICSD_29329,193,hP22,280.084
C1Ta1,aflow:f7ea0322a74d7f61,aflowlib.duke.edu:AFLOWDATA/ICSD_WEB/CUB/C1Ta1_ICSD_185986,221,cP2,280.156
Ir8Si4,aflow:6a332545f3afb0fa,aflowlib.duke.edu:AFLOWDATA/ICSD_WEB/ORC/Ir2Si1_ICSD_640995,62,oP12,280.343
C1Rh1,aflow:3a4b13f181909c0b,aflowlib.duke.edu:AFLOWDATA/ICSD_WEB/FCC/C1Rh1_ICSD_181773,225,cF8,280.367
Ir2P1,aflow:98b6647c644f91af,aflowlib.duke.edu:AFLOWDATA/ICSD_WEB/FCC/Ir2P1_ICSD_640898,225,cF12,280.367
H2W2,aflow:bbf2df33e13694f5,aflowlib.duke.edu:AFLOWDATA/ICSD_WEB/HEX/H1W1_ICSD_247586,194,hP4,280.458
Ir2Mo6,aflow:92cda4cf2dceeb8e,aflowlib.duke.edu:AFLOWDATA/ICSD_WEB/CUB/Ir1Mo3_ICSD_600761,223,cP8,280.489
Ir2N2,aflow:957ab531953d4a22,aflowlib.duke.edu:AFLOWDATA/ICSD_WEB/TET/Ir1N1_ICSD_187717,131,tP4,281.093
Rh6W2,aflow:ac0a35fb28a4318b,aflowlib.duke.edu:AFLOWDATA/ICSD_WEB/HEX/Rh3W1_ICSD_105970,194,hP8,281.243
O8Re4,aflow:056f3166cb6547e9,aflowlib.duke.edu:AFLOWDATA/LIB2_RAW/ORe_pv/A2B_mP12_14_2e_e-002.AB,14,mP12,281.286
B4Ru2,aflow:dc8d0fde8d1419c2,aflowlib.duke.edu:AFLOWDATA/ICSD_WEB/ORC/B2Ru1_ICSD_31871,59,oP6,281.335
O4Re2,aflow:5119e19fac0e70fc,aflowlib.duke.edu:AFLOWDATA/ICSD_WEB/TET/O2Re1_ICSD_154021,136,tP6,281.86
Hf1Ir3,aflow:fe2c6fc4804c26c3,aflowlib.duke.edu:AFLOWDATA/ICSD_WEB/CUB/Hf1Ir3_ICSD_104212,221,cP4,282.067
N3Nb4,aflow:d3aba0b4e3ac4051,aflowlib.duke.edu:AFLOWDATA/ICSD_WEB/BCT/N3Nb4_ICSD_76389,139,tI14,282.087
C1Nb1Ru3,aflow:615ac280265aeb29,aflowlib.duke.edu:AFLOWDATA/ICSD_WEB/CUB/C1Nb1Ru3_ICSD_77216,221,cP5,282.194
O4W2,aflow:1a28a8b7b4dfef62,aflowlib.duke.edu:AFLOWDATA/ICSD_WEB/TET/O2W1_ICSD_647647,136,tP6,282.573
N8Pt4,aflow:392de8b37e30606d,aflowlib.duke.edu:AFLOWDATA/ICSD_WEB/CUB/N2Pt1_ICSD_169857,205,cP12,282.645
B4N4,aflow:a3cdfb5055f945f9,aflowlib.duke.edu:AFLOWDATA/ICSD_WEB/ORC/B1N1_ICSD_162876,62,oP8,282.758
B8Ir4V8,aflow:fb5164a88452168d,aflowlib.duke.edu:AFLOWDATA/ICSD_WEB/ORC/B2Ir1V2_ICSD_601555,58,oP20,285.167
B4Ta3,aflow:be99dfb51a1405cc,aflowlib.duke.edu:AFLOWDATA/ICSD_WEB/ORCI/B4Ta3_ICSD_44589,71,oI14,285.329
Ir1N1,aflow:342b816503ddad2f,aflowlib.duke.edu:AFLOWDATA/ICSD_WEB/FCC/Ir1N1_ICSD_183154,225,cF8,285.878
Re10Si6,aflow:b56afeb980ce2cd3,aflowlib.duke.edu:AFLOWDATA/ICSD_WEB/BCT/Re5Si3_ICSD_650114,140,tI32,286.005
B2Mo4,aflow:96f5eb653d4c32c7,aflowlib.duke.edu:AFLOWDATA/ICSD_WEB/BCT/B1Mo2_ICSD_24278,140,tI12,286.319
Mo6Os2,aflow:d91b3b3427a6cfa7,aflowlib.duke.edu:AFLOWDATA/ICSD_WEB/CUB/Mo3Os1_ICSD_105054,223,cP8,287.828
C4Mo8,aflow:eff00b83ff78624a,aflowlib.duke.edu:AFLOWDATA/LIB2_RAW/CMo_pv/ICSD_65701.AB,60,oP12,288.243
B8Os6Sc2,aflow:7f696d42775595c1,aflowlib.duke.edu:AFLOWDATA/ICSD_WEB/ORCC/B4Os3Sc1_ICSD_91244,63,oS32,288.726
Os3Ti1,aflow:649d0f5362dd740a,aflowlib.duke.edu:AFLOWDATA/ICSD_WEB/CUB/Os3Ti1_ICSD_185638,221,cP4,288.783
Mo12N4Pt8,aflow:b5867cd94b4eac01,aflowlib.duke.edu:AFLOWDATA/ICSD_WEB/CUB/Mo3N1Pt2_ICSD_150314,213,cP24,288.833
C1Ru3Ta1,aflow:bfca6369af396199,aflowlib.duke.edu:AFLOWDATA/ICSD_WEB/CUB/C1Ru3Ta1_ICSD_77392,221,cP5,289.2
Ir3Ti1,aflow:6138a1f196c1c245,aflowlib.duke.edu:AFLOWDATA/ICSD_WEB/CUB/Ir3Ti1_ICSD_104578,221,cP4,289.544
B6Ru4,aflow:f85d9d5a81b01ac7,aflowlib.duke.edu:AFLOWDATA/ICSD_WEB/HEX/B3Ru2_ICSD_23715,194,hP10,289.956
Fe2,aflow:1b1cbd9ccbae17dd,aflowlib.duke.edu:AFLOWDATA/ICSD_WEB/HEX/Fe1_ICSD_53450,194,hP2,290.001
Mo4O8,aflow:34eb8ff8ad19ba13,aflowlib.duke.edu:AFLOWDATA/LIB2_RAW/Mo_pvO/A2B_mP12_14_2e_e-002.BA,14,mP12,290.116
Pt2W1,aflow:15be6baa72f0703e,aflowlib.duke.edu:AFLOWDATA/ICSD_WEB/ORCI/Pt2W1_ICSD_649841,71,oI6,290.435
O8Si4,aflow:e38965ef50bb8383,aflowlib.duke.edu:AFLOWDATA/ICSD_WEB/ORC/O2Si1_ICSD_51702,60,oP12,290.959
B2Rh2,aflow:e37504351d207225,aflowlib.duke.edu:AFLOWDATA/ICSD_WEB/ORCC/B1Rh1_ICSD_150732,194,hP4,291.389
Os1Si1,aflow:e1d28089643c20a9,aflowlib.duke.edu:AFLOWDATA/ICSD_WEB/CUB/Os1Si1_ICSD_43417,221,cP2,292.967
Tc1,aflow:6a87de99cc84ce75,aflowlib.duke.edu:AFLOWDATA/ICSD_WEB/FCC/Tc1_ICSD_41514,225,cF4,293.528
N8Si6,aflow:e805269dabdf98bc,aflowlib.duke.edu:AFLOWDATA/ICSD_WEB/FCC/N4Si3_ICSD_156336,227,cF56,293.706
N2Ru2,aflow:a64a0d7f694f45a4,aflowlib.duke.edu:AFLOWDATA/ICSD_WEB/HEX/N1Ru1_ICSD_185562,194,hP4,294.013
B4Mo6,aflow:32fd68442bcc415c,aflowlib.duke.edu:AFLOWDATA/ICSD_WEB/TET/B2Mo3_ICSD_614800,127,tP10,294.314
Ir2N2,aflow:18952f5cc852c4a0,aflowlib.duke.edu:AFLOWDATA/ICSD_WEB/HEX/Ir1N1_ICSD_183157,194,hP4,294.336
B2Ta1,aflow:51ca76509e4c5699,aflowlib.duke.edu:AFLOWDATA/ICSD_WEB/HEX/B2Ta1_ICSD_108085,191,hP3,294.458
B2Tc2,aflow:d3b5e44b5f6f4a9c,aflowlib.duke.edu:AFLOWDATA/ICSD_WEB/HEX/B1Tc1_ICSD_168897,194,hP4,295.445
C1V1,aflow:6ef93ac9f46062a8,aflowlib.duke.edu:AFLOWDATA/ICSD_WEB/FCC/C1V1_ICSD_159870,225,cF8,295.661
W8,aflow:972675e8a84e9dd2,aflowlib.duke.edu:AFLOWDATA/ICSD_WEB/CUB/W1_ICSD_52344,223,cP8,296.578
N2Os2,aflow:63a5027a15366fb1,aflowlib.duke.edu:AFLOWDATA/ICSD_WEB/TET/N1Os1_ICSD_187715,131,tP4,296.607
N4Nb4,aflow:d67726ba2285ad37,aflowlib.duke.edu:AFLOWDATA/ICSD_WEB/HEX/N1Nb1_ICSD_644540,194,hP8,297.517
W1,aflow:b36865785bd06095,aflowlib.duke.edu:AFLOWDATA/ICSD_WEB/BCC/W1_ICSD_426984,229,cI2,297.672
N3Ta3,aflow:5ec807672f6d429c,aflowlib.duke.edu:AFLOWDATA/ICSD_WEB/HEX/N1Ta1_ICSD_1396,189,hP6,298.113
N2Re2,aflow:dd3dc43bc979d6a2,aflowlib.duke.edu:AFLOWDATA/ICSD_WEB/TET/N1Re1_ICSD_187713,131,tP4,298.16
C1Nb1,aflow:dc96ddaddb6c935b,aflowlib.duke.edu:AFLOWDATA/ICSD_WEB/FCC/C1Nb1_ICSD_155164,225,cF8,298.683
N1Nb1,aflow:4d2d79fe29e7a5ed,aflowlib.duke.edu:AFLOWDATA/ICSD_WEB/CUB/N1Nb1_ICSD_183424,221,cP2,298.689
C4Ni8W16,aflow:1bc7a04e33a6ff4e,aflowlib.duke.edu:AFLOWDATA/ICSD_WEB/FCC/C1Ni2W4_ICSD_618587,227,cF112,298.828
C1Nb1,aflow:aa76acc5d2c7fd57,aflowlib.duke.edu:AFLOWDATA/LIB2_RAW/CNb_sv/201,225,cF8,299.333
C1Nb1,aflow:aa76acc5d2c7fd57,aflowlib.duke.edu:AFLOWDATA/LIB2_RAW/CNb_sv/201,225,cF8,299.333
Ir3N3,aflow:7bf8a216c0842d11,aflowlib.duke.edu:AFLOWDATA/ICSD_WEB/CUB/Ir1N1_ICSD_187719,221,cP6,299.5
B1Tc1,aflow:1ded95025c9807bc,aflowlib.duke.edu:AFLOWDATA/ICSD_WEB/HEX/B1Tc1_ICSD_168895,187,hP2,299.898
B2Mo1,aflow:9a121651e9fedde0,aflowlib.duke.edu:AFLOWDATA/ICSD_WEB/HEX/B2Mo1_ICSD_157529,191,hP3,300.037
N1V1,aflow:11639813fd5fbe0a,aflowlib.duke.edu:AFLOWDATA/ICSD_WEB/CUB/N1V1_ICSD_183422,221,cP2,300.728
B8Mo8Ru4,aflow:6367acc17172eb17,aflowlib.duke.edu:AFLOWDATA/ICSD_WEB/ORC/B2Mo2Ru1_ICSD_601573,58,oP20,300.829
B4Tc2,aflow:6fa2ce4f469ce1e7,aflowlib.duke.edu:AFLOWDATA/ICSD_WEB/HEX/B2Tc1_ICSD_615553,194,hP6,301.794
N1Ta1,aflow:0fbd269336705895,aflowlib.duke.edu:AFLOWDATA/ICSD_WEB/CUB/N1Ta1_ICSD_183426,221,cP2,302.006
N8Re4,aflow:b6f83099d4affc3e,aflowlib.duke.edu:AFLOWDATA/ICSD_WEB/ORC/N2Re1_ICSD_187450,57,oP12,302.104
N4Ni8W12,aflow:c51f74ea099c5dc2,aflowlib.duke.edu:AFLOWDATA/ICSD_WEB/CUB/N1Ni2W3_ICSD_86170,213,cP24,302.144
Ir2N4,aflow:e92983093b3b4288,aflowlib.duke.edu:AFLOWDATA/ICSD_WEB/ORC/Ir1N2_ICSD_240756,58,oP6,302.344
Tc2,aflow:9dfb2ae6dbd9d46b,aflowlib.duke.edu:AFLOWDATA/ICSD_WEB/HEX/Tc1_ICSD_182009,194,hP2,302.705
B4Mo4,aflow:bab633976c2f29d2,aflowlib.duke.edu:AFLOWDATA/ICSD_WEB/BCT/B1Mo1_ICSD_24280,141,tI16,303.058
B8Fe4,aflow:0361058f418da352,aflowlib.duke.edu:AFLOWDATA/ICSD_WEB/ORC/B2Fe1_ICSD_425310,62,oP12,303.724
B2C2Mo4,aflow:c7228ec855654a31,aflowlib.duke.edu:AFLOWDATA/ICSD_WEB/ORCC/B1C1Mo2_ICSD_23188,63,oS16,303.881
B2Mo2,aflow:35ac7e5d53e825e9,aflowlib.duke.edu:AFLOWDATA/ICSD_WEB/ORCC/B1Mo1_ICSD_614812,63,oS8,304.27
C1V1,aflow:8b5f884504829e1b,aflowlib.duke.edu:AFLOWDATA/LIB2_RAW/CV_sv/201,225,cF8,304.739
B2Tc6,aflow:5822e01d0015efb8,aflowlib.duke.edu:AFLOWDATA/ICSD_WEB/ORCC/B1Tc3_ICSD_615555,63,oS16,305.879
N1Nb1,aflow:3caef21d7715917b,aflowlib.duke.edu:AFLOWDATA/ICSD_WEB/FCC/N1Nb1_ICSD_167803,225,cF8,305.928
N8W4,aflow:3c6a789e144b4f34,aflowlib.duke.edu:AFLOWDATA/ICSD_WEB/CUB/N2W1_ICSD_290435,205,cP12,307.161
B8W4,aflow:15f17c363d5af6bf,aflowlib.duke.edu:AFLOWDATA/ICSD_WEB/HEX/B2W1_ICSD_23716,194,hP12,307.446
C6Cr3W20,aflow:8dbae7845818266c,aflowlib.duke.edu:AFLOWDATA/ICSD_WEB/FCC/C6Cr3W20_ICSD_617559,225,cF116,309.633
O8Si4,aflow:4cd8887372aa0edb,aflowlib.duke.edu:AFLOWDATA/ICSD_WEB/CUB/O2Si1_ICSD_158958,205,cP12,310.002
Be4C4N8,aflow:a1c3422f6f6a1056,aflowlib.duke.edu:AFLOWDATA/ICSD_WEB/ORC/Be1C1N2_ICSD_181042,33,oP16,310.156
C8,aflow:2818acf274e5c078,aflowlib.duke.edu:AFLOWDATA/ICSD_WEB/BCC/C8_ICSD_20351,229,cI16,310.589
N1Nb1,aflow:844b105937307111,aflowlib.duke.edu:AFLOWDATA/ICSD_WEB/HEX/N1Nb1_ICSD_185569,187,hP2,310.623
B8Ir4Mo8,aflow:1fa9cf508865f3f7,aflowlib.duke.edu:AFLOWDATA/ICSD_WEB/ORC/B2Ir1Mo2_ICSD_23786,58,oP20,310.777
Mo1N1,aflow:5cfe1d0ba97a5293,aflowlib.duke.edu:AFLOWDATA/ICSD_WEB/CUB/Mo1N1_ICSD_159440,221,cP2,312.006
Ru2,aflow:985b362eeff34ade,aflowlib.duke.edu:AFLOWDATA/ICSD_WEB/HEX/Ru1_ICSD_40354,194,hP2,312.055
N2Nb2,aflow:78e9f4fe930fdcfe,aflowlib.duke.edu:AFLOWDATA/ICSD_WEB/HEX/N1Nb1_ICSD_150967,194,hP4,312.087
N2Ta2,aflow:48b2fd56d196968e,aflowlib.duke.edu:AFLOWDATA/ICSD_WEB/HEX/N1Ta1_ICSD_105123,194,hP4,312.932
B8W4,aflow:28720551ae577eb0,aflowlib.duke.edu:AFLOWDATA/ICSD_WEB/HEX/B2W1_ICSD_615700,194,hP12,313.066
Re4Si4,aflow:f0bd47197c1d7fef,aflowlib.duke.edu:AFLOWDATA/ICSD_WEB/CUB/Re1Si1_ICSD_26616,198,cP8,313.196
Ir3Nb1,aflow:5f949664e8b3c289,aflowlib.duke.edu:AFLOWDATA/ICSD_WEB/CUB/Ir3Nb1_ICSD_104515,221,cP4,313.744
Ir6Si2,aflow:1a15fe875dd4c2a0,aflowlib.duke.edu:AFLOWDATA/ICSD_WEB/BCT/Ir3Si1_ICSD_43680,140,tI16,314.357
B8Mo8Os4,aflow:57c1fbcd1c742b68,aflowlib.duke.edu:AFLOWDATA/ICSD_WEB/ORC/B2Mo2Os1_ICSD_614829,58,oP20,314.818
C1W2,aflow:b2bf5199bcb6fea3,aflowlib.duke.edu:AFLOWDATA/LIB2_RAW/CW_pv/9,164,hP3,315.084
C1Ta1,aflow:d2ab410fef99ea61,aflowlib.duke.edu:AFLOWDATA/ICSD_WEB/FCC/C1Ta1_ICSD_155163,225,cF8,315.444
Be2C2N4,aflow:e0243b1db258ed09,aflowlib.duke.edu:AFLOWDATA/ICSD_WEB/BCT/Be1C1N2_ICSD_181041,122,tI16,315.504
Ir2Mo2,aflow:cc717d6de1690f4a,aflowlib.duke.edu:AFLOWDATA/ICSD_WEB/ORC/Ir1Mo1_ICSD_104499,51,oP4,315.509
N3Tc3,aflow:17ab7e596f9cb7c6,aflowlib.duke.edu:AFLOWDATA/ICSD_WEB/CUB/N1Tc1_ICSD_187707,221,cP6,316.1
N1V1,aflow:aa89372868af03a8,aflowlib.duke.edu:AFLOWDATA/ICSD_WEB/HEX/N1V1_ICSD_169820,187,hP2,316.22
C6Mo6,aflow:86f370f8043ae5a1,aflowlib.duke.edu:AFLOWDATA/ICSD_WEB/HEX/C1Mo1_ICSD_44987,194,hP12,316.624
Ir3V1,aflow:0f10c1ca4753d48d,aflowlib.duke.edu:AFLOWDATA/ICSD_WEB/CUB/Ir3V1_ICSD_104594,221,cP4,316.728
C1Ru1,aflow:4990d46926dfee7a,aflowlib.duke.edu:AFLOWDATA/ICSD_WEB/FCC/C1Ru1_ICSD_183169,225,cF8,317.922
N1Ta1,aflow:dbcfb446e993083a,aflowlib.duke.edu:AFLOWDATA/ICSD_WEB/FCC/N1Ta1_ICSD_167806,225,cF8,320.172
C1Ir1,aflow:1ecfc5503d9e0fd1,aflowlib.duke.edu:AFLOWDATA/ICSD_WEB/HEX/C1Ir1_ICSD_169404,187,hP2,321.008
C1Ta1,aflow:91751653e073f9b0,aflowlib.duke.edu:AFLOWDATA/LIB2_RAW/CTa_pv/201,225,cF8,321.547
N1Tc3,aflow:4fd0dd6e94fc881e,aflowlib.duke.edu:AFLOWDATA/ICSD_WEB/HEX/N1Tc3_ICSD_182010,187,hP4,322.769
B6Ni2W6,aflow:9bf8f9bec7278661,aflowlib.duke.edu:AFLOWDATA/ICSD_WEB/ORCC/B3Ni1W3_ICSD_615070,63,oS28,322.773
C4Ir2,aflow:17d3f23fbef36218,aflowlib.duke.edu:AFLOWDATA/ICSD_WEB/BCT/C2Ir1_ICSD_181489,140,tI12,323.438
C11N4,aflow:32b9125bd33fc3b2,aflowlib.duke.edu:AFLOWDATA/ICSD_WEB/ORC/C11N4_ICSD_184897,16,oP15,324.727
Ir3Ta1,aflow:0b20629a915a4c54,aflowlib.duke.edu:AFLOWDATA/ICSD_WEB/CUB/Ir3Ta1_ICSD_104566,221,cP4,324.806
C1Cr1,aflow:c3cc01a07e4f80e0,aflowlib.duke.edu:AFLOWDATA/ICSD_WEB/HEX/C1Cr1_ICSD_181709,187,hP2,325.201
C1Mo1,aflow:e6168f280fcabded,aflowlib.duke.edu:AFLOWDATA/ICSD_WEB/FCC/C1Mo1_ICSD_183165,225,cF8,325.65
Fe8Re12,aflow:340c69078949ff30,aflowlib.duke.edu:AFLOWDATA/ICSD_WEB/CUB/Fe2Re3_ICSD_108565,213,cP20,325.661
B4Re2,aflow:e4636da54a2220ea,aflowlib.duke.edu:AFLOWDATA/ICSD_WEB/HEX/B2Re1_ICSD_162271,194,hP6,325.957
N8Re4,aflow:9c5a4fb2a266e721,aflowlib.duke.edu:AFLOWDATA/ICSD_WEB/ORC/N2Re1_ICSD_187446,62,oP12,326.414
N1Ta1,aflow:a8ac23d5ab62e1fe,aflowlib.duke.edu:AFLOWDATA/ICSD_WEB/HEX/N1Ta1_ICSD_167901,187,hP2,326.498
Ir4N8,aflow:8e9c448d678c73b0,aflowlib.duke.edu:AFLOWDATA/ICSD_WEB/MCL/Ir1N2_ICSD_160623,14,mP12,327.115
B4Co4W4,aflow:c2cf9e6b1026cf5e,aflowlib.duke.edu:AFLOWDATA/ICSD_WEB/ORC/B1Co1W1_ICSD_613388,62,oP12,327.995
C3W6,aflow:d38172f10ef5d9e8,aflowlib.duke.edu:AFLOWDATA/ICSD_WEB/HEX/C1W2_ICSD_167900,162,hP9,328.508
N2Os1,aflow:66694a8afef91c7a,aflowlib.duke.edu:AFLOWDATA/ICSD_WEB/FCC/N2Os1_ICSD_185513,225,cF12,329.439
Os10W20,aflow:663b7d9aa6021d93,aflowlib.duke.edu:AFLOWDATA/ICSD_WEB/TET/Os0.67W1.33_ICSD_647862,136,tP30,329.709
C1Ru1,aflow:7cc393c23fff5302,aflowlib.duke.edu:AFLOWDATA/ICSD_WEB/HEX/C1Ru1_ICSD_43671,187,hP2,330.47
Re8W4,aflow:eae54e0aeabbd0e9,aflowlib.duke.edu:AFLOWDATA/ICSD_WEB/HEX/Re2W1_ICSD_650203,194,hP12,330.926
N4W3,aflow:178372bce1c55eee,aflowlib.duke.edu:AFLOWDATA/ICSD_WEB/CUB/N4W3_ICSD_186209,221,cP7,330.994
C2Re1,aflow:6515d2391cd7ff44,aflowlib.duke.edu:AFLOWDATA/ICSD_WEB/HEX/C2Re1_ICSD_184662,187,hP3,332.102
B6Os4,aflow:16ede1c23d111d09,aflowlib.duke.edu:AFLOWDATA/ICSD_WEB/HEX/B3Os2_ICSD_424879,194,hP10,332.501
B4W4,aflow:8d848c2aba3366ba,aflowlib.duke.edu:AFLOWDATA/ICSD_WEB/BCT/B1W1_ICSD_24281,141,tI16,332.828
C20,aflow:933c788c45a7fb66,aflowlib.duke.edu:AFLOWDATA/ICSD_WEB/CUB/C20_ICSD_185973,221,cP20,332.972
C1Mo1,aflow:7c4604b1a2705be0,aflowlib.duke.edu:AFLOWDATA/LIB2_RAW/CMo_pv/201,225,cF8,334.083
N2W1,aflow:72109f7caf81d280,aflowlib.duke.edu:AFLOWDATA/ICSD_WEB/HEX/N2W1_ICSD_290433,187,hP3,336.744
Mo2N2,aflow:7d8dbf2f1fbde0c0,aflowlib.duke.edu:AFLOWDATA/ICSD_WEB/HEX/Mo1N1_ICSD_168365,194,hP4,336.869
N4W2,aflow:e63da76a2644ff14,aflowlib.duke.edu:AFLOWDATA/ICSD_WEB/HEX/N2W1_ICSD_290434,194,hP6,337.378
Ir2W2,aflow:329463b4cf618022,aflowlib.duke.edu:AFLOWDATA/ICSD_WEB/ORC/Ir1W1_ICSD_104596,51,oP4,338.217
B2W2,aflow:ee0a9de25797ea71,aflowlib.duke.edu:AFLOWDATA/ICSD_WEB/ORCC/B1W1_ICSD_615689,63,oS8,338.505
C1Mo1,aflow:877b232d6378c18e,aflowlib.duke.edu:AFLOWDATA/ICSD_WEB/HEX/C1Mo1_ICSD_618300,187,hP2,338.762
C4Re2,aflow:ddfc31384102a18f,aflowlib.duke.edu:AFLOWDATA/ICSD_WEB/HEX/C2Re1_ICSD_184663,194,hP6,339.44
N4Os2,aflow:e1d826fcaf063f28,aflowlib.duke.edu:AFLOWDATA/ICSD_WEB/ORC/N2Os1_ICSD_240758,58,oP6,339.648
N4Os2,aflow:98ea695a46e207ab,aflowlib.duke.edu:AFLOWDATA/ICSD_WEB/TET/N2Os1_ICSD_260549,127,tP6,340.403
N2Tc4,aflow:e0ac9ace77fdcf57,aflowlib.duke.edu:AFLOWDATA/ICSD_WEB/HEX/N1Tc2_ICSD_182011,194,hP6,340.797
Ir6Mo2,aflow:9d806861e5bdcfc8,aflowlib.duke.edu:AFLOWDATA/ICSD_WEB/HEX/Ir3Mo1_ICSD_104506,194,hP8,340.807
B6Co2W6,aflow:752ea17eddbdd155,aflowlib.duke.edu:AFLOWDATA/ICSD_WEB/ORCC/B3Co1W3_ICSD_25753,63,oS28,342.68
C2Os1,aflow:ff87c17fb623e239,aflowlib.duke.edu:AFLOWDATA/ICSD_WEB/HEX/C2Os1_ICSD_168279,187,hP3,344.494
N4Os4,aflow:dfe7200869d0d929,aflowlib.duke.edu:AFLOWDATA/ICSD_WEB/ORCC/N1Os1_ICSD_167514,36,oS16,344.535
C8Cr12,aflow:f0a713d5113b9e46,aflowlib.duke.edu:AFLOWDATA/LIB2_RAW/CCr_pv/ICSD_15086.AB,62,oP20,345.622
C8Cr12,aflow:f0a713d5113b9e46,aflowlib.duke.edu:AFLOWDATA/LIB2_RAW/CCr_pv/ICSD_15086.AB,62,oP20,345.622
N3Os3,aflow:fe0d7827444fc660,aflowlib.duke.edu:AFLOWDATA/ICSD_WEB/CUB/N1Os1_ICSD_187716,221,cP6,347.567
C4Os2,aflow:b4516ac24679ccfb,aflowlib.duke.edu:AFLOWDATA/ICSD_WEB/HEX/C2Os1_ICSD_168280,194,hP6,349.63
B1Os1,aflow:b771a4d99e7ddec1,aflowlib.duke.edu:AFLOWDATA/ICSD_WEB/HEX/B1Os1_ICSD_181304,187,hP2,352.371
Re3Ru1,aflow:e7c45a3ae6fc7c66,aflowlib.duke.edu:AFLOWDATA/ICSD_WEB/ORCI/Re3Ru1_ICSD_168956,44,oI8,353.918
C2Re1,aflow:7060d695d45ef254,aflowlib.duke.edu:AFLOWDATA/ICSD_WEB/TET/C2Re1_ICSD_184664,123,tP3,354.624
C4W8,aflow:b4cc1d6b8d53454e,aflowlib.duke.edu:AFLOWDATA/ICSD_WEB/ORC/C1W2_ICSD_108194,60,oP12,354.927
N4Re2,aflow:130fabca462f0fcb,aflowlib.duke.edu:AFLOWDATA/ICSD_WEB/MCLC/N2Re1_ICSD_187441,12,mS12,355.336
C1W1,aflow:b9936db0261adaed,aflowlib.duke.edu:AFLOWDATA/ICSD_WEB/CUB/C1W1_ICSD_185987,221,cP2,356.622
Ir6W2,aflow:e5eb9cc26d8c8d17,aflowlib.duke.edu:AFLOWDATA/ICSD_WEB/HEX/Ir3W1_ICSD_641166,194,hP8,356.705
C1W1,aflow:870b2f189ea048d2,aflowlib.duke.edu:AFLOWDATA/ICSD_WEB/FCC/C1W1_ICSD_167896,225,cF8,357.694
Ir6W2,aflow:443c51ce9eb735e2,aflowlib.duke.edu:AFLOWDATA/ICSD_WEB/HEX/Ir3W1_ICSD_104598,194,hP8,358.465
N3Re3,aflow:196b54cc0f8b7688,aflowlib.duke.edu:AFLOWDATA/ICSD_WEB/CUB/N1Re1_ICSD_187711,221,cP6,361.169
C1W1,aflow:3f3f90aa4d09e98b,aflowlib.duke.edu:AFLOWDATA/LIB2_RAW/CW_pv/201,225,cF8,364.075
Re2,aflow:bdefedddc5e4e127,aflowlib.duke.edu:AFLOWDATA/ICSD_WEB/HEX/Re1_ICSD_109248,194,hP2,370.642
B1C2N1,aflow:c0e7523ff8d34297,aflowlib.duke.edu:AFLOWDATA/ICSD_WEB/ORC/B1C2N1_ICSD_93041,25,oP4,371.902
B2N2,aflow:56d00a95d21b5c3a,aflowlib.duke.edu:AFLOWDATA/ICSD_WEB/HEX/B1N1_ICSD_162873,186,hP4,372.249
B1N1,aflow:fd5539a4f79db51c,aflowlib.duke.edu:AFLOWDATA/ICSD_WEB/FCC/B1N1_ICSD_162874,216,cF8,372.389
N4Re2,aflow:a99cce5f14f9a433,aflowlib.duke.edu:AFLOWDATA/ICSD_WEB/TET/N2Re1_ICSD_187442,127,tP6,373.795
B2C4N2,aflow:9e325d34d65bd890,aflowlib.duke.edu:AFLOWDATA/ICSD_WEB/ORC/B1C2N1_ICSD_93040,17,oP8,374.56
N1Re3,aflow:f2647fd7e3481cc1,aflowlib.duke.edu:AFLOWDATA/ICSD_WEB/HEX/N1Re3_ICSD_169881,187,hP4,375.489
C1W1,aflow:feb595dc9ca641a2,aflowlib.duke.edu:AFLOWDATA/ICSD_WEB/HEX/C1W1_ICSD_15406,187,hP2,375.704
N2Re2,aflow:24a48e16f3e57dff,aflowlib.duke.edu:AFLOWDATA/ICSD_WEB/HEX/N1Re1_ICSD_181300,194,hP4,375.94
N2Re4,aflow:2c18088646d443e6,aflowlib.duke.edu:AFLOWDATA/ICSD_WEB/HEX/N1Re2_ICSD_169886,194,hP6,376.377
B1C5,aflow:f759c5600121a9e9,aflowlib.duke.edu:AFLOWDATA/ICSD_WEB/ORCI/B1C5_ICSD_166554,44,oI12,376.797
C1N2,aflow:6852d98ddee59417,aflowlib.duke.edu:AFLOWDATA/ICSD_WEB/BCT/C1N2_ICSD_247678,119,tI6,379.13
C6N8,aflow:f4d465047b69c5b6,aflowlib.duke.edu:AFLOWDATA/ICSD_WEB/FCC/C3N4_ICSD_151782,227,cF56,381.561
C1W1,aflow:20effcf448e357df,aflowlib.duke.edu:AFLOWDATA/LIB2_RAW/CW_pv/116,187,hP2,382.745
C1Os1,aflow:96b67afd12279575,aflowlib.duke.edu:AFLOWDATA/ICSD_WEB/CUB/C1Os1_ICSD_185989,221,cP2,384.283
B1C7,aflow:4d13f06b9fe563ef,aflowlib.duke.edu:AFLOWDATA/ICSD_WEB/ORC/B1C7_ICSD_181955,25,oP8,384.725
C8,aflow:c969067f8a3bbde9,aflowlib.duke.edu:AFLOWDATA/ICSD_WEB/BCC/C1_ICSD_88818,206,cI16,386.982
B1C7,aflow:95bd1aac30ec7a47,aflowlib.duke.edu:AFLOWDATA/ICSD_WEB/CUB/B1C7_ICSD_181954,215,cP8,388.344
C3N4,aflow:02e917f98e603284,aflowlib.duke.edu:AFLOWDATA/ICSD_WEB/CUB/C3N4_ICSD_246659,215,cP7,388.65
C1Re1,aflow:681ae019bae67176,aflowlib.duke.edu:AFLOWDATA/ICSD_WEB/CUB/C1Re1_ICSD_185988,221,cP2,388.95
C2Re4,aflow:fe06cb46a897aa57,aflowlib.duke.edu:AFLOWDATA/ICSD_WEB/HEX/C1Re2_ICSD_180376,194,hP6,389.098
B1C7,aflow:0401731cb29df494,aflowlib.duke.edu:AFLOWDATA/ICSD_WEB/TET/B1C7_ICSD_181952,115,tP8,391.841
C4N8,aflow:bd7933c86d9b4a6c,aflowlib.duke.edu:AFLOWDATA/ICSD_WEB/BCT/C1N2_ICSD_247677,122,tI24,392.962
C16,aflow:d8e58d3bd84cf982,aflowlib.duke.edu:AFLOWDATA/ICSD_WEB/ORC/C1_ICSD_182269,62,oP16,400.015
C8,aflow:a59baaad49eb5ab9,aflowlib.duke.edu:AFLOWDATA/ICSD_WEB/MCLC/C1_ICSD_182760,12,mS16,401.255
C1Re1,aflow:34fe14c5db42eac5,aflowlib.duke.edu:AFLOWDATA/ICSD_WEB/HEX/C1Re1_ICSD_169402,187,hP2,401.366
C4,aflow:b2688e84030188b8,aflowlib.duke.edu:AFLOWDATA/ICSD_WEB/BCT/C1_ICSD_182761,139,tI8,401.545
C11N4,aflow:626dac5fa5d5347b,aflowlib.duke.edu:AFLOWDATA/ICSD_WEB/TET/C11N4_ICSD_184896,111,tP15,401.737
Os2,aflow:cd7a9aa6417fb341,aflowlib.duke.edu:AFLOWDATA/ICSD_WEB/HEX/Os1_ICSD_169092,194,hP2,406.795
C6N8,aflow:864f8f611afe1bf6,aflowlib.duke.edu:AFLOWDATA/ICSD_WEB/HEX/C3N4_ICSD_151781,176,hP14,407.095
C8,aflow:bdc82cca41c811c6,aflowlib.duke.edu:AFLOWDATA/ICSD_WEB/ORCC/C1_ICSD_186577,65,oS16,415.432
C4,aflow:440c4eee274b61b6,aflowlib.duke.edu:AFLOWDATA/ICSD_WEB/HEX/C1_ICSD_88822,194,hP4,429.104
C2,aflow:3ab7e139e1c29c9f,aflowlib.duke.edu:AFLOWDATA/ICSD_WEB/FCC/C1_ICSD_182729,227,cF8,433.989
C16,aflow:c9d6a8b917d502f0,aflowlib.duke.edu:AFLOWDATA/ICSD_WEB/HEX/C1_ICSD_66468,194,hP16,434.903
C12,aflow:bd79f9fa8154aa95,aflowlib.duke.edu:AFLOWDATA/ICSD_WEB/HEX/C1_ICSD_66467,194,hP12,435.023
C8,aflow:c42dc8ec018245e5,aflowlib.duke.edu:AFLOWDATA/ICSD_WEB/HEX/C1_ICSD_66466,194,hP8,435.259
C6N8,aflow:14eee23a55699d4a,aflowlib.duke.edu:AFLOWDATA/ICSD_WEB/BCC/C3N4_ICSD_83263,220,cI28,438.611
Bi4,aflow:fadf792d7b321127,aflowlib.duke.edu:AFLOWDATA/ICSD_WEB/BCT/Bi1_ICSD_51674,140,tI8,584.533
